Workbook

Sheet Read me
A2: Block 04 - proposed box culverts under the planned North Batinah Bypass
A4: One box culvert per crossing: cells of 4.0 m clear width and the full channel depth as clear height (2.5 m, or 3.0 m where the channel is deeper), the number of cells from the designed bed width of the channel reach at the crossing, the barrel on the slope of the channel; length across the road = the bypass corridor taken as 45 m.
A5: Headwater: inlet- and outlet-control check (FHWA culvert design method, square-edged inlet with wingwalls, entrance loss 0.4, barrel roughness 0.015, tailwater at the normal depth of the channel downstream); every culvert keeps its headwater below 1.2 times the clear height; the cells it added, if any, are in their own column.
A6: Cost: concrete and reinforcement, blinding, waterproofing, the road works over the culvert and the removal of the existing structure where there is one, at the master plan unit rates (sheet 'Rates and constants').
A7: Every derived number is a live formula on the inputs (bed width, depth, flow, headwater) and on the rates and constants sheet: the cells, the overall width, the size text, the quantities and the costs. The headwater check is iterative and is given as values.

Sheet Rates and constants
A1: Code | B1: Item | C1: Unit | D1: Value
A2: conc | B2: Reinforced concrete of the culverts | C2: m³ | D2: 106.9
A3: rebar | B3: Reinforcement (120 kg/m³) | C3: t | D3: 417.1
A4: blind | B4: Blinding concrete | C4: m³ | D4: 45
A5: wp | B5: Waterproofing | C5: m² | D5: 2
A6: abc | B6: Aggregate base course | C6: m³ | D6: 6.5
A7: bbc | B7: Bituminous base course | C7: m³ | D7: 45
A8: wbc | B8: Wearing course | C8: m³ | D8: 47
A9: pc | B9: Prime coat | C9: m² | D9: 0.45
A10: tc | B10: Tack coat | C10: m² | D10: 0.35
A11: mark | B11: Road marking | C11: m² | D11: 4
A12: rail | B12: Guardrail | C12: m | D12: 53
A13: post | B13: Guardrail post | C13: no. | D13: 3
... A15: removal | B15: Removal of the existing structure | C15: m³ | D15: 4
A17: B | B17: Clear width of a cell (m) | D17: 4
A18: WALL | B18: Wall thickness (m) | D18: 0.25
A19: LCOR | B19: Length across the road = the bypass corridor (m) | D19: 45
B21: Blue on yellow: the unit rates (master plan estimate) and the constants; change them here and every size, quantity and cost follows.

Sheet Culverts under the bypass
A1: ID | B1: Channel | C1: Reach | D1: Station (m) | E1: Easting | F1: Northing | G1: Design flow 200-year (m³/s) | H1: Channel bed width (m) | I1: Channel depth (m) | J1: Slope (m/m) | K1: Skew (deg) | L1: Cells from the bed width | M1: Cells added for the headwater check | N1: Cells | O1: Cell width (m) | P1: Cell height (m) | Q1: Cells x width x height (m) | R1: Overall width G (m) | S1: Length L (m) | T1: Headwater (m) | U1: Headwater / height | V1: Control | W1: Tailwater (m) | X1: Existing structure | Y1: Concrete (m³) | Z1: Reinforcement (t) | AA1: Blinding (m³) | AB1: Waterproofing (m²) | AC1: Pavement area (m²) | AD1: Aggregate base (m³) | AE1: Bituminous base (m³) | AF1: Wearing course (m³) | AG1: Prime coat (m²) | AH1: Tack coat (m²) | AI1: Marking (m²) | AJ1: Guardrail (m) | AK1: Posts (no.) | AL1: Compaction (m²) | AM1: Removal of existing (m³) | AN1: Concrete cost | AO1: Reinforcement cost | AP1: Blinding cost | AQ1: Waterproofing cost | AR1: Aggregate base cost | AS1: Bituminous base cost | AT1: Wearing course cost | AU1: Prime coat cost | AV1: Tack coat cost | AW1: Marking cost | AX1: Guardrail cost | AY1: Posts cost | AZ1: Compaction cost | BA1: Removal cost | BB1: Culvert cost (OMR)
A2: 3 | B2: HAW-CH1-FP | C2: HAWCH1-C2 | D2: 3070.8 | E2: 504451.1 | F2: 2651247.2 | G2: 173.7 | H2: 29 | I2: 2.5 | J2: 0.0058 | K2: 0.3 | L2: =MAX(1,ROUNDUP(H2/O2,0)) -> 8 | M2: 0 | N2: =L2+M2 -> 8 | O2: ='Rates and constants'!$D$17 -> 4 | P2: 2.5 | Q2: =N2&" x "&TEXT(O2,"0")&" x "&TEXT(P2,"0.0") -> 8 x 4 x 2.5 | R2: =N2*O2+(N2+1)*'Rates and constants'!$D$18 -> 34.25 | S2: ='Rates and constants'!$D$19 -> 45 | T2: 2.25 | U2: =T2/P2 -> 0.9 | V2: inlet | W2: 1.75 | X2: None | Y2: =(N2*((O2+'Rates and constants'!$D$18)*(P2+0.6)-O2*P2)+0.8)*S2 -> 1179 | Z2: =0.12*Y2 -> 141.48 | AA2: =R2*S2*0.1*1.1 -> 169.5375 | AB2: =2*P2*S2+O2*S2 -> 405 | AC2: =R2*S2*1.1 -> 1695.375 | AD2: =AC2*0.1 -> 169.5375 | AE2: =AC2*0.05 -> 84.76875 | AF2: =AC2*0.05 -> 84.76875 | AG2: =AC2 -> 1695.375 | AH2: =2*AC2 -> 3390.75 | AI2: =R2*0.1*1.1 -> 3.7675 | AJ2: =2*R2*1.1 -> 75.35 | AK2: =ROUNDUP(2*R2*1.1/4,0) -> 19 | AL2: =(S2+3)*R2*1.1 -> 1808.4 | AM2: =IF(X2="None",0,R2*S2*(P2+0.5)*1.1) -> 0 | AN2: =Y2*'Rates and constants'!$D$2 -> 126035.1 | AO2: =Z2*'Rates and constants'!$D$3 -> 59011.308 | AP2: =AA2*'Rates and constants'!$D$4 -> 7629.1875 | AQ2: =AB2*'Rates and constants'!$D$5 -> 810 | AR2: =AD2*'Rates and constants'!$D$6 -> 1101.9938 | AS2: =AE2*'Rates and constants'!$D$7 -> 3814.5938 | AT2: =AF2*'Rates and constants'!$D$8 -> 3984.1313 | AU2: =AG2*'Rates and constants'!$D$9 -> 762.91875 | AV2: =AH2*'Rates and constants'!$D$10 -> 1186.7625 | AW2: =AI2*'Rates and constants'!$D$11 -> 15.07 | AX2: =AJ2*'Rates and constants'!$D$12 -> 3993.55 | AY2: =AK2*'Rates and constants'!$D$13 -> 57 | AZ2: =AL2*'Rates and constants'!$D$14 -> 361.68 | BA2: =AM2*'Rates and constants'!$D$15 -> 0 | BB2: =SUM(AN2:BA2) -> 208763.3
A3: 5 | B3: HAW-CH2-SS | C3: HAWCH2-C3 | D3: 3345.8 | E3: 502947.6 | F3: 2652539.1 | G3: 131.9 | H3: 30.5 | I3: 2.5 | J3: 0.0024 | K3: 1.6 | L3: =MAX(1,ROUNDUP(H3/O3,0)) -> 8 | M3: 0 | N3: =L3+M3 -> 8 | O3: ='Rates and constants'!$D$17 -> 4 | P3: 2.5 | Q3: =N3&" x "&TEXT(O3,"0")&" x "&TEXT(P3,"0.0") -> 8 x 4 x 2.5 | R3: =N3*O3+(N3+1)*'Rates and constants'!$D$18 -> 34.25 | S3: ='Rates and constants'!$D$19 -> 45 | T3: 1.87 | U3: =T3/P3 -> 0.748 | V3: inlet | W3: 1.87 | X3: None | Y3: =(N3*((O3+'Rates and constants'!$D$18)*(P3+0.6)-O3*P3)+0.8)*S3 -> 1179 | Z3: =0.12*Y3 -> 141.48 | AA3: =R3*S3*0.1*1.1 -> 169.5375 | AB3: =2*P3*S3+O3*S3 -> 405 | AC3: =R3*S3*1.1 -> 1695.375 | AD3: =AC3*0.1 -> 169.5375 | AE3: =AC3*0.05 -> 84.76875 | AF3: =AC3*0.05 -> 84.76875 | AG3: =AC3 -> 1695.375 | AH3: =2*AC3 -> 3390.75 | AI3: =R3*0.1*1.1 -> 3.7675 | AJ3: =2*R3*1.1 -> 75.35 | AK3: =ROUNDUP(2*R3*1.1/4,0) -> 19 | AL3: =(S3+3)*R3*1.1 -> 1808.4 | AM3: =IF(X3="None",0,R3*S3*(P3+0.5)*1.1) -> 0 | AN3: =Y3*'Rates and constants'!$D$2 -> 126035.1 | AO3: =Z3*'Rates and constants'!$D$3 -> 59011.308 | AP3: =AA3*'Rates and constants'!$D$4 -> 7629.1875 | AQ3: =AB3*'Rates and constants'!$D$5 -> 810 | AR3: =AD3*'Rates and constants'!$D$6 -> 1101.9938 | AS3: =AE3*'Rates and constants'!$D$7 -> 3814.5938 | AT3: =AF3*'Rates and constants'!$D$8 -> 3984.1313 | AU3: =AG3*'Rates and constants'!$D$9 -> 762.91875 | AV3: =AH3*'Rates and constants'!$D$10 -> 1186.7625 | AW3: =AI3*'Rates and constants'!$D$11 -> 15.07 | AX3: =AJ3*'Rates and constants'!$D$12 -> 3993.55 | AY3: =AK3*'Rates and constants'!$D$13 -> 57 | AZ3: =AL3*'Rates and constants'!$D$14 -> 361.68 | BA3: =AM3*'Rates and constants'!$D$15 -> 0 | BB3: =SUM(AN3:BA3) -> 208763.3
A4: 7 | B4: HAW-CH5-SS | C4: HAWCH5-C3 | D4: 3023.4 | E4: 505491.7 | F4: 2650353.1 | G4: 114.8 | H4: 20.5 | I4: 2.5 | J4: 0.0045 | K4: 13.8 | L4: =MAX(1,ROUNDUP(H4/O4,0)) -> 6 | M4: 0 | N4: =L4+M4 -> 6 | O4: ='Rates and constants'!$D$17 -> 4 | P4: 2.5 | Q4: =N4&" x "&TEXT(O4,"0")&" x "&TEXT(P4,"0.0") -> 6 x 4 x 2.5 | R4: =N4*O4+(N4+1)*'Rates and constants'!$D$18 -> 25.75 | S4: ='Rates and constants'!$D$19 -> 45 | T4: 2.06 | U4: =T4/P4 -> 0.824 | V4: inlet | W4: 1.85 | X4: None | Y4: =(N4*((O4+'Rates and constants'!$D$18)*(P4+0.6)-O4*P4)+0.8)*S4 -> 893.25 | Z4: =0.12*Y4 -> 107.19 | AA4: =R4*S4*0.1*1.1 -> 127.4625 | AB4: =2*P4*S4+O4*S4 -> 405 | AC4: =R4*S4*1.1 -> 1274.625 | AD4: =AC4*0.1 -> 127.4625 | AE4: =AC4*0.05 -> 63.73125 | AF4: =AC4*0.05 -> 63.73125 | AG4: =AC4 -> 1274.625 | AH4: =2*AC4 -> 2549.25 | AI4: =R4*0.1*1.1 -> 2.8325 | AJ4: =2*R4*1.1 -> 56.65 | AK4: =ROUNDUP(2*R4*1.1/4,0) -> 15 | AL4: =(S4+3)*R4*1.1 -> 1359.6 | AM4: =IF(X4="None",0,R4*S4*(P4+0.5)*1.1) -> 0 | AN4: =Y4*'Rates and constants'!$D$2 -> 95488.425 | AO4: =Z4*'Rates and constants'!$D$3 -> 44708.949 | AP4: =AA4*'Rates and constants'!$D$4 -> 5735.8125 | AQ4: =AB4*'Rates and constants'!$D$5 -> 810 | AR4: =AD4*'Rates and constants'!$D$6 -> 828.50625 | AS4: =AE4*'Rates and constants'!$D$7 -> 2867.9062 | AT4: =AF4*'Rates and constants'!$D$8 -> 2995.3688 | AU4: =AG4*'Rates and constants'!$D$9 -> 573.58125 | AV4: =AH4*'Rates and constants'!$D$10 -> 892.2375 | AW4: =AI4*'Rates and constants'!$D$11 -> 11.33 | AX4: =AJ4*'Rates and constants'!$D$12 -> 3002.45 | AY4: =AK4*'Rates and constants'!$D$13 -> 45 | AZ4: =AL4*'Rates and constants'!$D$14 -> 271.92 | BA4: =AM4*'Rates and constants'!$D$15 -> 0 | BB4: =SUM(AN4:BA4) -> 158231.49
A5: 10 | B5: HAW-CH7-SS | C5: HAWCH7-C1 | D5: 1169.2 | E5: 506068.7 | F5: 2649857.3 | G5: 65.9 | H5: 12.5 | I5: 2.5 | J5: 0.0045 | K5: 2.1 | L5: =MAX(1,ROUNDUP(H5/O5,0)) -> 4 | M5: 0 | N5: =L5+M5 -> 4 | O5: ='Rates and constants'!$D$17 -> 4 | P5: 2.5 | Q5: =N5&" x "&TEXT(O5,"0")&" x "&TEXT(P5,"0.0") -> 4 x 4 x 2.5 | R5: =N5*O5+(N5+1)*'Rates and constants'!$D$18 -> 17.25 | S5: ='Rates and constants'!$D$19 -> 45 | T5: 1.86 | U5: =T5/P5 -> 0.744 | V5: inlet | W5: 1.86 | X5: None | Y5: =(N5*((O5+'Rates and constants'!$D$18)*(P5+0.6)-O5*P5)+0.8)*S5 -> 607.5 | Z5: =0.12*Y5 -> 72.9 | AA5: =R5*S5*0.1*1.1 -> 85.3875 | AB5: =2*P5*S5+O5*S5 -> 405 | AC5: =R5*S5*1.1 -> 853.875 | AD5: =AC5*0.1 -> 85.3875 | AE5: =AC5*0.05 -> 42.69375 | AF5: =AC5*0.05 -> 42.69375 | AG5: =AC5 -> 853.875 | AH5: =2*AC5 -> 1707.75 | AI5: =R5*0.1*1.1 -> 1.8975 | AJ5: =2*R5*1.1 -> 37.95 | AK5: =ROUNDUP(2*R5*1.1/4,0) -> 10 | AL5: =(S5+3)*R5*1.1 -> 910.8 | AM5: =IF(X5="None",0,R5*S5*(P5+0.5)*1.1) -> 0 | AN5: =Y5*'Rates and constants'!$D$2 -> 64941.75 | AO5: =Z5*'Rates and constants'!$D$3 -> 30406.59 | AP5: =AA5*'Rates and constants'!$D$4 -> 3842.4375 | AQ5: =AB5*'Rates and constants'!$D$5 -> 810 | AR5: =AD5*'Rates and constants'!$D$6 -> 555.01875 | AS5: =AE5*'Rates and constants'!$D$7 -> 1921.2188 | AT5: =AF5*'Rates and constants'!$D$8 -> 2006.6063 | AU5: =AG5*'Rates and constants'!$D$9 -> 384.24375 | AV5: =AH5*'Rates and constants'!$D$10 -> 597.7125 | AW5: =AI5*'Rates and constants'!$D$11 -> 7.59 | AX5: =AJ5*'Rates and constants'!$D$12 -> 2011.35 | AY5: =AK5*'Rates and constants'!$D$13 -> 30 | AZ5: =AL5*'Rates and constants'!$D$14 -> 182.16 | BA5: =AM5*'Rates and constants'!$D$15 -> 0 | BB5: =SUM(AN5:BA5) -> 107696.68
A6: 13 | B6: SHA-CH1-FP | C6: SHACH1-C4 | D6: 2964 | E6: 499561.9 | F6: 2655465.2 | G6: 916.7 | H6: 179.5 | I6: 2.5 | J6: 0.003 | K6: 2.8 | L6: =MAX(1,ROUNDUP(H6/O6,0)) -> 45 | M6: 0 | N6: =L6+M6 -> 45 | O6: ='Rates and constants'!$D$17 -> 4 | P6: 2.5 | Q6: =N6&" x "&TEXT(O6,"0")&" x "&TEXT(P6,"0.0") -> 45 x 4 x 2.5 | R6: =N6*O6+(N6+1)*'Rates and constants'!$D$18 -> 191.5 | S6: ='Rates and constants'!$D$19 -> 45 | T6: 2.15 | U6: =T6/P6 -> 0.86 | V6: inlet | W6: 1.87 | X6: None | Y6: =(N6*((O6+'Rates and constants'!$D$18)*(P6+0.6)-O6*P6)+0.8)*S6 -> 6465.375 | Z6: =0.12*Y6 -> 775.845 | AA6: =R6*S6*0.1*1.1 -> 947.925 | AB6: =2*P6*S6+O6*S6 -> 405 | AC6: =R6*S6*1.1 -> 9479.25 | AD6: =AC6*0.1 -> 947.925 | AE6: =AC6*0.05 -> 473.9625 | AF6: =AC6*0.05 -> 473.9625 | AG6: =AC6 -> 9479.25 | AH6: =2*AC6 -> 18958.5 | AI6: =R6*0.1*1.1 -> 21.065 | AJ6: =2*R6*1.1 -> 421.3 | AK6: =ROUNDUP(2*R6*1.1/4,0) -> 106 | AL6: =(S6+3)*R6*1.1 -> 10111.2 | AM6: =IF(X6="None",0,R6*S6*(P6+0.5)*1.1) -> 0 | AN6: =Y6*'Rates and constants'!$D$2 -> 691148.59 | AO6: =Z6*'Rates and constants'!$D$3 -> 323604.95 | AP6: =AA6*'Rates and constants'!$D$4 -> 42656.625 | AQ6: =AB6*'Rates and constants'!$D$5 -> 810 | AR6: =AD6*'Rates and constants'!$D$6 -> 6161.5125 | AS6: =AE6*'Rates and constants'!$D$7 -> 21328.312 | AT6: =AF6*'Rates and constants'!$D$8 -> 22276.238 | AU6: =AG6*'Rates and constants'!$D$9 -> 4265.6625 | AV6: =AH6*'Rates and constants'!$D$10 -> 6635.475 | AW6: =AI6*'Rates and constants'!$D$11 -> 84.26 | AX6: =AJ6*'Rates and constants'!$D$12 -> 22328.9 | AY6: =AK6*'Rates and constants'!$D$13 -> 318 | AZ6: =AL6*'Rates and constants'!$D$14 -> 2022.24 | BA6: =AM6*'Rates and constants'!$D$15 -> 0 | BB6: =SUM(AN6:BA6) -> 1143640.8
A7: 14 | B7: SHA-CH2-SM | C7: SHACH2-C5 | D7: 8933.1 | E7: 487271.9 | F7: 2665878.3 | G7: 637.1 | H7: 100 | I7: 2.5 | J7: 0.0047 | K7: 14.8 | L7: =MAX(1,ROUNDUP(H7/O7,0)) -> 25 | M7: 0 | N7: =L7+M7 -> 25 | O7: ='Rates and constants'!$D$17 -> 4 | P7: 2.5 | Q7: =N7&" x "&TEXT(O7,"0")&" x "&TEXT(P7,"0.0") -> 25 x 4 x 2.5 | R7: =N7*O7+(N7+1)*'Rates and constants'!$D$18 -> 106.5 | S7: ='Rates and constants'!$D$19 -> 45 | T7: 2.51 | U7: =T7/P7 -> 1.004 | V7: inlet | W7: 1.87 | X7: None | Y7: =(N7*((O7+'Rates and constants'!$D$18)*(P7+0.6)-O7*P7)+0.8)*S7 -> 3607.875 | Z7: =0.12*Y7 -> 432.945 | AA7: =R7*S7*0.1*1.1 -> 527.175 | AB7: =2*P7*S7+O7*S7 -> 405 | AC7: =R7*S7*1.1 -> 5271.75 | AD7: =AC7*0.1 -> 527.175 | AE7: =AC7*0.05 -> 263.5875 | AF7: =AC7*0.05 -> 263.5875 | AG7: =AC7 -> 5271.75 | AH7: =2*AC7 -> 10543.5 | AI7: =R7*0.1*1.1 -> 11.715 | AJ7: =2*R7*1.1 -> 234.3 | AK7: =ROUNDUP(2*R7*1.1/4,0) -> 59 | AL7: =(S7+3)*R7*1.1 -> 5623.2 | AM7: =IF(X7="None",0,R7*S7*(P7+0.5)*1.1) -> 0 | AN7: =Y7*'Rates and constants'!$D$2 -> 385681.84 | AO7: =Z7*'Rates and constants'!$D$3 -> 180581.36 | AP7: =AA7*'Rates and constants'!$D$4 -> 23722.875 | AQ7: =AB7*'Rates and constants'!$D$5 -> 810 | AR7: =AD7*'Rates and constants'!$D$6 -> 3426.6375 | AS7: =AE7*'Rates and constants'!$D$7 -> 11861.438 | AT7: =AF7*'Rates and constants'!$D$8 -> 12388.613 | AU7: =AG7*'Rates and constants'!$D$9 -> 2372.2875 | AV7: =AH7*'Rates and constants'!$D$10 -> 3690.225 | AW7: =AI7*'Rates and constants'!$D$11 -> 46.86 | AX7: =AJ7*'Rates and constants'!$D$12 -> 12417.9 | AY7: =AK7*'Rates and constants'!$D$13 -> 177 | AZ7: =AL7*'Rates and constants'!$D$14 -> 1124.64 | BA7: =AM7*'Rates and constants'!$D$15 -> 0 | BB7: =SUM(AN7:BA7) -> 638301.67
A8: 17 | B8: SHA-CH3-SM | C8: SHACH3-C7 | D8: 8414.1 | E8: 494006.2 | F8: 2660034.1 | G8: 327.4 | H8: 65 | I8: 2.5 | J8: 0.0031 | K8: 37 | L8: =MAX(1,ROUNDUP(H8/O8,0)) -> 17 | M8: 0 | N8: =L8+M8 -> 17 | O8: ='Rates and constants'!$D$17 -> 4 | P8: 2.5 | Q8: =N8&" x "&TEXT(O8,"0")&" x "&TEXT(P8,"0.0") -> 17 x 4 x 2.5 | R8: =N8*O8+(N8+1)*'Rates and constants'!$D$18 -> 72.5 | S8: ='Rates and constants'!$D$19 -> 45 | T8: 2.07 | U8: =T8/P8 -> 0.828 | V8: inlet | W8: 1.87 | X8: Culvert | Y8: =(N8*((O8+'Rates and constants'!$D$18)*(P8+0.6)-O8*P8)+0.8)*S8 -> 2464.875 | Z8: =0.12*Y8 -> 295.785 | AA8: =R8*S8*0.1*1.1 -> 358.875 | AB8: =2*P8*S8+O8*S8 -> 405 | AC8: =R8*S8*1.1 -> 3588.75 | AD8: =AC8*0.1 -> 358.875 | AE8: =AC8*0.05 -> 179.4375 | AF8: =AC8*0.05 -> 179.4375 | AG8: =AC8 -> 3588.75 | AH8: =2*AC8 -> 7177.5 | AI8: =R8*0.1*1.1 -> 7.975 | AJ8: =2*R8*1.1 -> 159.5 | AK8: =ROUNDUP(2*R8*1.1/4,0) -> 40 | AL8: =(S8+3)*R8*1.1 -> 3828 | AM8: =IF(X8="None",0,R8*S8*(P8+0.5)*1.1) -> 10766.25 | AN8: =Y8*'Rates and constants'!$D$2 -> 263495.14 | AO8: =Z8*'Rates and constants'!$D$3 -> 123371.92 | AP8: =AA8*'Rates and constants'!$D$4 -> 16149.375 | AQ8: =AB8*'Rates and constants'!$D$5 -> 810 | AR8: =AD8*'Rates and constants'!$D$6 -> 2332.6875 | AS8: =AE8*'Rates and constants'!$D$7 -> 8074.6875 | AT8: =AF8*'Rates and constants'!$D$8 -> 8433.5625 | AU8: =AG8*'Rates and constants'!$D$9 -> 1614.9375 | AV8: =AH8*'Rates and constants'!$D$10 -> 2512.125 | AW8: =AI8*'Rates and constants'!$D$11 -> 31.9 | AX8: =AJ8*'Rates and constants'!$D$12 -> 8453.5 | AY8: =AK8*'Rates and constants'!$D$13 -> 120 | AZ8: =AL8*'Rates and constants'!$D$14 -> 765.6 | BA8: =AM8*'Rates and constants'!$D$15 -> 43065 | BB8: =SUM(AN8:BA8) -> 479230.44
A9: 20 | B9: SHA-CH4-SM | C9: SHACH4-C3 | D9: 2783.8 | E9: 491169 | F9: 2662494.3 | G9: 554.4 | H9: 116 | I9: 2.5 | J9: 0.0026 | K9: 16.1 | L9: =MAX(1,ROUNDUP(H9/O9,0)) -> 29 | M9: 0 | N9: =L9+M9 -> 29 | O9: ='Rates and constants'!$D$17 -> 4 | P9: 2.5 | Q9: =N9&" x "&TEXT(O9,"0")&" x "&TEXT(P9,"0.0") -> 29 x 4 x 2.5 | R9: =N9*O9+(N9+1)*'Rates and constants'!$D$18 -> 123.5 | S9: ='Rates and constants'!$D$19 -> 45 | T9: 2.06 | U9: =T9/P9 -> 0.824 | V9: inlet | W9: 1.87 | X9: None | Y9: =(N9*((O9+'Rates and constants'!$D$18)*(P9+0.6)-O9*P9)+0.8)*S9 -> 4179.375 | Z9: =0.12*Y9 -> 501.525 | AA9: =R9*S9*0.1*1.1 -> 611.325 | AB9: =2*P9*S9+O9*S9 -> 405 | AC9: =R9*S9*1.1 -> 6113.25 | AD9: =AC9*0.1 -> 611.325 | AE9: =AC9*0.05 -> 305.6625 | AF9: =AC9*0.05 -> 305.6625 | AG9: =AC9 -> 6113.25 | AH9: =2*AC9 -> 12226.5 | AI9: =R9*0.1*1.1 -> 13.585 | AJ9: =2*R9*1.1 -> 271.7 | AK9: =ROUNDUP(2*R9*1.1/4,0) -> 68 | AL9: =(S9+3)*R9*1.1 -> 6520.8 | AM9: =IF(X9="None",0,R9*S9*(P9+0.5)*1.1) -> 0 | AN9: =Y9*'Rates and constants'!$D$2 -> 446775.19 | AO9: =Z9*'Rates and constants'!$D$3 -> 209186.08 | AP9: =AA9*'Rates and constants'!$D$4 -> 27509.625 | AQ9: =AB9*'Rates and constants'!$D$5 -> 810 | AR9: =AD9*'Rates and constants'!$D$6 -> 3973.6125 | AS9: =AE9*'Rates and constants'!$D$7 -> 13754.813 | AT9: =AF9*'Rates and constants'!$D$8 -> 14366.138 | AU9: =AG9*'Rates and constants'!$D$9 -> 2750.9625 | AV9: =AH9*'Rates and constants'!$D$10 -> 4279.275 | AW9: =AI9*'Rates and constants'!$D$11 -> 54.34 | AX9: =AJ9*'Rates and constants'!$D$12 -> 14400.1 | AY9: =AK9*'Rates and constants'!$D$13 -> 204 | AZ9: =AL9*'Rates and constants'!$D$14 -> 1304.16 | BA9: =AM9*'Rates and constants'!$D$15 -> 0 | BB9: =SUM(AN9:BA9) -> 739368.29
A10: 22 | B10: SHA-CH5-SM | C10: SHACH5-C1 | D10: 4747.7 | E10: 492520.4 | F10: 2661322.4 | G10: 127 | H10: 20.5 | I10: 2.5 | J10: 0.0055 | K10: 37.2 | L10: =MAX(1,ROUNDUP(H10/O10,0)) -> 6 | M10: 0 | N10: =L10+M10 -> 6 | O10: ='Rates and constants'!$D$17 -> 4 | P10: 2.5 | Q10: =N10&" x "&TEXT(O10,"0")&" x "&TEXT(P10,"0.0") -> 6 x 4 x 2.5 | R10: =N10*O10+(N10+1)*'Rates and constants'!$D$18 -> 25.75 | S10: ='Rates and constants'!$D$19 -> 45 | T10: 2.21 | U10: =T10/P10 -> 0.884 | V10: inlet | W10: 1.85 | X10: Culvert | Y10: =(N10*((O10+'Rates and constants'!$D$18)*(P10+0.6)-O10*P10)+0.8)*S10 -> 893.25 | Z10: =0.12*Y10 -> 107.19 | AA10: =R10*S10*0.1*1.1 -> 127.4625 | AB10: =2*P10*S10+O10*S10 -> 405 | AC10: =R10*S10*1.1 -> 1274.625 | AD10: =AC10*0.1 -> 127.4625 | AE10: =AC10*0.05 -> 63.73125 | AF10: =AC10*0.05 -> 63.73125 | AG10: =AC10 -> 1274.625 | AH10: =2*AC10 -> 2549.25 | AI10: =R10*0.1*1.1 -> 2.8325 | AJ10: =2*R10*1.1 -> 56.65 | AK10: =ROUNDUP(2*R10*1.1/4,0) -> 15 | AL10: =(S10+3)*R10*1.1 -> 1359.6 | AM10: =IF(X10="None",0,R10*S10*(P10+0.5)*1.1) -> 3823.875 | AN10: =Y10*'Rates and constants'!$D$2 -> 95488.425 | AO10: =Z10*'Rates and constants'!$D$3 -> 44708.949 | AP10: =AA10*'Rates and constants'!$D$4 -> 5735.8125 | AQ10: =AB10*'Rates and constants'!$D$5 -> 810 | AR10: =AD10*'Rates and constants'!$D$6 -> 828.50625 | AS10: =AE10*'Rates and constants'!$D$7 -> 2867.9062 | AT10: =AF10*'Rates and constants'!$D$8 -> 2995.3688 | AU10: =AG10*'Rates and constants'!$D$9 -> 573.58125 | AV10: =AH10*'Rates and constants'!$D$10 -> 892.2375 | AW10: =AI10*'Rates and constants'!$D$11 -> 11.33 | AX10: =AJ10*'Rates and constants'!$D$12 -> 3002.45 | AY10: =AK10*'Rates and constants'!$D$13 -> 45 | AZ10: =AL10*'Rates and constants'!$D$14 -> 271.92 | BA10: =AM10*'Rates and constants'!$D$15 -> 15295.5 | BB10: =SUM(AN10:BA10) -> 173526.99
A11: 25 | B11: SHA-CH6-SM | C11: SHACH6-C1 | D11: 0 | E11: 497342 | F11: 2657409 | G11: 74.8 | H11: 14.5 | I11: 2.5 | J11: 0.004 | K11: 4.9 | L11: =MAX(1,ROUNDUP(H11/O11,0)) -> 4 | M11: 0 | N11: =L11+M11 -> 4 | O11: ='Rates and constants'!$D$17 -> 4 | P11: 2.5 | Q11: =N11&" x "&TEXT(O11,"0")&" x "&TEXT(P11,"0.0") -> 4 x 4 x 2.5 | R11: =N11*O11+(N11+1)*'Rates and constants'!$D$18 -> 17.25 | S11: ='Rates and constants'!$D$19 -> 45 | T11: 2.03 | U11: =T11/P11 -> 0.812 | V11: inlet | W11: 1.87 | X11: None | Y11: =(N11*((O11+'Rates and constants'!$D$18)*(P11+0.6)-O11*P11)+0.8)*S11 -> 607.5 | Z11: =0.12*Y11 -> 72.9 | AA11: =R11*S11*0.1*1.1 -> 85.3875 | AB11: =2*P11*S11+O11*S11 -> 405 | AC11: =R11*S11*1.1 -> 853.875 | AD11: =AC11*0.1 -> 85.3875 | AE11: =AC11*0.05 -> 42.69375 | AF11: =AC11*0.05 -> 42.69375 | AG11: =AC11 -> 853.875 | AH11: =2*AC11 -> 1707.75 | AI11: =R11*0.1*1.1 -> 1.8975 | AJ11: =2*R11*1.1 -> 37.95 | AK11: =ROUNDUP(2*R11*1.1/4,0) -> 10 | AL11: =(S11+3)*R11*1.1 -> 910.8 | AM11: =IF(X11="None",0,R11*S11*(P11+0.5)*1.1) -> 0 | AN11: =Y11*'Rates and constants'!$D$2 -> 64941.75 | AO11: =Z11*'Rates and constants'!$D$3 -> 30406.59 | AP11: =AA11*'Rates and constants'!$D$4 -> 3842.4375 | AQ11: =AB11*'Rates and constants'!$D$5 -> 810 | AR11: =AD11*'Rates and constants'!$D$6 -> 555.01875 | AS11: =AE11*'Rates and constants'!$D$7 -> 1921.2188 | AT11: =AF11*'Rates and constants'!$D$8 -> 2006.6063 | AU11: =AG11*'Rates and constants'!$D$9 -> 384.24375 | AV11: =AH11*'Rates and constants'!$D$10 -> 597.7125 | AW11: =AI11*'Rates and constants'!$D$11 -> 7.59 | AX11: =AJ11*'Rates and constants'!$D$12 -> 2011.35 | AY11: =AK11*'Rates and constants'!$D$13 -> 30 | AZ11: =AL11*'Rates and constants'!$D$14 -> 182.16 | BA11: =AM11*'Rates and constants'!$D$15 -> 0 | BB11: =SUM(AN11:BA11) -> 107696.68
A12: 28 | B12: SHA-CH7-SM | C12: SHACH7-C2 | D12: 1850.9 | E12: 501786.6 | F12: 2653540.5 | G12: 166.5 | H12: 29.5 | I12: 2.5 | J12: 0.0042 | K12: 39.8 | L12: =MAX(1,ROUNDUP(H12/O12,0)) -> 8 | M12: 0 | N12: =L12+M12 -> 8 | O12: ='Rates and constants'!$D$17 -> 4 | P12: 2.5 | Q12: =N12&" x "&TEXT(O12,"0")&" x "&TEXT(P12,"0.0") -> 8 x 4 x 2.5 | R12: =N12*O12+(N12+1)*'Rates and constants'!$D$18 -> 34.25 | S12: ='Rates and constants'!$D$19 -> 45 | T12: 2.18 | U12: =T12/P12 -> 0.872 | V12: inlet | W12: 1.87 | X12: None | Y12: =(N12*((O12+'Rates and constants'!$D$18)*(P12+0.6)-O12*P12)+0.8)*S12 -> 1179 | Z12: =0.12*Y12 -> 141.48 | AA12: =R12*S12*0.1*1.1 -> 169.5375 | AB12: =2*P12*S12+O12*S12 -> 405 | AC12: =R12*S12*1.1 -> 1695.375 | AD12: =AC12*0.1 -> 169.5375 | AE12: =AC12*0.05 -> 84.76875 | AF12: =AC12*0.05 -> 84.76875 | AG12: =AC12 -> 1695.375 | AH12: =2*AC12 -> 3390.75 | AI12: =R12*0.1*1.1 -> 3.7675 | AJ12: =2*R12*1.1 -> 75.35 | AK12: =ROUNDUP(2*R12*1.1/4,0) -> 19 | AL12: =(S12+3)*R12*1.1 -> 1808.4 | AM12: =IF(X12="None",0,R12*S12*(P12+0.5)*1.1) -> 0 | AN12: =Y12*'Rates and constants'!$D$2 -> 126035.1 | AO12: =Z12*'Rates and constants'!$D$3 -> 59011.308 | AP12: =AA12*'Rates and constants'!$D$4 -> 7629.1875 | AQ12: =AB12*'Rates and constants'!$D$5 -> 810 | AR12: =AD12*'Rates and constants'!$D$6 -> 1101.9938 | AS12: =AE12*'Rates and constants'!$D$7 -> 3814.5938 | AT12: =AF12*'Rates and constants'!$D$8 -> 3984.1313 | AU12: =AG12*'Rates and constants'!$D$9 -> 762.91875 | AV12: =AH12*'Rates and constants'!$D$10 -> 1186.7625 | AW12: =AI12*'Rates and constants'!$D$11 -> 15.07 | AX12: =AJ12*'Rates and constants'!$D$12 -> 3993.55 | AY12: =AK12*'Rates and constants'!$D$13 -> 57 | AZ12: =AL12*'Rates and constants'!$D$14 -> 361.68 | BA12: =AM12*'Rates and constants'!$D$15 -> 0 | BB12: =SUM(AN12:BA12) -> 208763.3
A13: 30 | B13: SHA-CH8-SS | C13: SHACH8-C1 | D13: 0 | E13: 487968.3 | F13: 2665269.8 | G13: 76.4 | H13: 13 | I13: 2.5 | J13: 0.0058 | K13: 15.5 | L13: =MAX(1,ROUNDUP(H13/O13,0)) -> 4 | M13: 0 | N13: =L13+M13 -> 4 | O13: ='Rates and constants'!$D$17 -> 4 | P13: 2.5 | Q13: =N13&" x "&TEXT(O13,"0")&" x "&TEXT(P13,"0.0") -> 4 x 4 x 2.5 | R13: =N13*O13+(N13+1)*'Rates and constants'!$D$18 -> 17.25 | S13: ='Rates and constants'!$D$19 -> 45 | T13: 2.06 | U13: =T13/P13 -> 0.824 | V13: inlet | W13: 1.82 | X13: None | Y13: =(N13*((O13+'Rates and constants'!$D$18)*(P13+0.6)-O13*P13)+0.8)*S13 -> 607.5 | Z13: =0.12*Y13 -> 72.9 | AA13: =R13*S13*0.1*1.1 -> 85.3875 | AB13: =2*P13*S13+O13*S13 -> 405 | AC13: =R13*S13*1.1 -> 853.875 | AD13: =AC13*0.1 -> 85.3875 | AE13: =AC13*0.05 -> 42.69375 | AF13: =AC13*0.05 -> 42.69375 | AG13: =AC13 -> 853.875 | AH13: =2*AC13 -> 1707.75 | AI13: =R13*0.1*1.1 -> 1.8975 | AJ13: =2*R13*1.1 -> 37.95 | AK13: =ROUNDUP(2*R13*1.1/4,0) -> 10 | AL13: =(S13+3)*R13*1.1 -> 910.8 | AM13: =IF(X13="None",0,R13*S13*(P13+0.5)*1.1) -> 0 | AN13: =Y13*'Rates and constants'!$D$2 -> 64941.75 | AO13: =Z13*'Rates and constants'!$D$3 -> 30406.59 | AP13: =AA13*'Rates and constants'!$D$4 -> 3842.4375 | AQ13: =AB13*'Rates and constants'!$D$5 -> 810 | AR13: =AD13*'Rates and constants'!$D$6 -> 555.01875 | AS13: =AE13*'Rates and constants'!$D$7 -> 1921.2188 | AT13: =AF13*'Rates and constants'!$D$8 -> 2006.6063 | AU13: =AG13*'Rates and constants'!$D$9 -> 384.24375 | AV13: =AH13*'Rates and constants'!$D$10 -> 597.7125 | AW13: =AI13*'Rates and constants'!$D$11 -> 7.59 | AX13: =AJ13*'Rates and constants'!$D$12 -> 2011.35 | AY13: =AK13*'Rates and constants'!$D$13 -> 30 | AZ13: =AL13*'Rates and constants'!$D$14 -> 182.16 | BA13: =AM13*'Rates and constants'!$D$15 -> 0 | BB13: =SUM(AN13:BA13) -> 107696.68
... A27: 60 | B27: SAK-CH4-SS | C27: SAKCH4-C1 | D27: 0 | E27: 482535.5 | F27: 2671737.4 | G27: 0 | H27: 10 | I27: 2.5 | J27: 0.0039 | K27: 6.1 | L27: =MAX(1,ROUNDUP(H27/O27,0)) -> 3 | M27: 0 | N27: =L27+M27 -> 3 | O27: ='Rates and constants'!$D$17 -> 4 | P27: 2.5 | Q27: =N27&" x "&TEXT(O27,"0")&" x "&TEXT(P27,"0.0") -> 3 x 4 x 2.5 | R27: =N27*O27+(N27+1)*'Rates and constants'!$D$18 -> 13 | S27: ='Rates and constants'!$D$19 -> 45 | T27: 0 | U27: =T27/P27 -> 0 | V27: inlet | W27: 0 | X27: None | Y27: =(N27*((O27+'Rates and constants'!$D$18)*(P27+0.6)-O27*P27)+0.8)*S27 -> 464.625 | Z27: =0.12*Y27 -> 55.755 | AA27: =R27*S27*0.1*1.1 -> 64.35 | AB27: =2*P27*S27+O27*S27 -> 405 | AC27: =R27*S27*1.1 -> 643.5 | AD27: =AC27*0.1 -> 64.35 | AE27: =AC27*0.05 -> 32.175 | AF27: =AC27*0.05 -> 32.175 | AG27: =AC27 -> 643.5 | AH27: =2*AC27 -> 1287 | AI27: =R27*0.1*1.1 -> 1.43 | AJ27: =2*R27*1.1 -> 28.6 | AK27: =ROUNDUP(2*R27*1.1/4,0) -> 8 | AL27: =(S27+3)*R27*1.1 -> 686.4 | AM27: =IF(X27="None",0,R27*S27*(P27+0.5)*1.1) -> 0 | AN27: =Y27*'Rates and constants'!$D$2 -> 49668.413 | AO27: =Z27*'Rates and constants'!$D$3 -> 23255.411 | AP27: =AA27*'Rates and constants'!$D$4 -> 2895.75 | AQ27: =AB27*'Rates and constants'!$D$5 -> 810 | AR27: =AD27*'Rates and constants'!$D$6 -> 418.275 | AS27: =AE27*'Rates and constants'!$D$7 -> 1447.875 | AT27: =AF27*'Rates and constants'!$D$8 -> 1512.225 | AU27: =AG27*'Rates and constants'!$D$9 -> 289.575 | AV27: =AH27*'Rates and constants'!$D$10 -> 450.45 | AW27: =AI27*'Rates and constants'!$D$11 -> 5.72 | AX27: =AJ27*'Rates and constants'!$D$12 -> 1515.8 | AY27: =AK27*'Rates and constants'!$D$13 -> 24 | AZ27: =AL27*'Rates and constants'!$D$14 -> 137.28 | BA27: =AM27*'Rates and constants'!$D$15 -> 0 | BB27: =SUM(AN27:BA27) -> 82430.773
A28: Total | N28: =SUM(N2:N27) -> 324 | BB28: =SUM(BB2:BB27) -> 8440215.6
