Workbook

Sheet Read me
A1: Block 04 - channel design tables (200-year design) - Flood Protection Scheme in North and South Al Batinah
A3: Reaches: every reach of the hydraulic model (200-year design, dams in place): length, slope, velocity, percent full, section depth and bed width, design flow; the size text is a formula.
A4: Channel sections: per channel, aggregated from the Reaches sheet by formula (length, largest reach flow, first / last / min / max bed width, max velocity, number of reaches).
A5: Size inventory: the sections used, counted and measured on the Reaches sheet by formula.
A6: Outfalls: the channel ends at the sea: design flow, bed width, invert, existing ground; the 200-year flow depth at the outfall (hydraulic result) and the invert above MHHW by formula (MHHW in the blue cell under the table).
A7: Proposed culverts: the design data of the road crossings (cells of 4 m clear width, the full channel depth as clear height); the size text, the overall width and the headwater ratio by formula; the headwater check (inlet and outlet control) as values. Quantities and costs: the BOQ workbook.
A8: Dykes: the 200-year flood depth along each dyke, the adopted height, and the quantities of the typical fill section by formula (footprint 4 + 3H + 3 m, a 0.4 m strip, the fill, riprap on both faces). Costs: the BOQ workbook.
A9: Channel quantities: cut, fill, clearing and riprap area measured on the designed sections against the 0.5 m terrain model, the corridor area and the land take by land use of the cadastre. Costs: the BOQ workbook.
A10: Land take by class: the land-use totals of the corridors by formula.
A12: Every derived number in this workbook is a live formula; measured and modelled values (terrain quantities, hydraulic results, flood depths) are values. Every cost is in 'Block 04 - BOQ and cost estimate.xlsx', a formula on a quantity and a rate.

Sheet Reaches
A1: Reach | B1: Channel | C1: Class | D1: Length (m) | E1: Slope (m/m) | F1: Velocity (m/s) | G1: Percent full (%) | H1: Depth / rise | I1: Depth of section (m) | J1: Bed width (m) | K1: Flow 200-year (m³/s) | L1: Manning n | M1: Size (depth x width, m)
A2: HAWCH1-C1 | B2: HAW-CH1-FP | C2: FP | D2: 1044.18 | E2: 0.0047070654 | F2: 3.2019252 | I2: 2.5 | J2: 29 | K2: 173.67399 | L2: 0.03 | M2: =TEXT(I2,"0.0")&" x "&IF(J2=INT(J2),TEXT(J2,"0"),TEXT(J2,"0.0")) -> 2.5 x 29
A3: HAWCH1-C2 | B3: HAW-CH1-FP | C3: FP | D3: 2089.93 | E3: 0.0058154947 | F3: 3.4216975 | I3: 2.5 | J3: 29 | K3: 173.67399 | L3: 0.03 | M3: =TEXT(I3,"0.0")&" x "&IF(J3=INT(J3),TEXT(J3,"0"),TEXT(J3,"0.0")) -> 2.5 x 29
A4: HAWCH1-C3 | B4: HAW-CH1-FP | C4: FP | D4: 496.78 | E4: 0.012033471 | F4: 4.2936286 | I4: 2.5 | J4: 29 | K4: 173.67399 | L4: 0.03 | M4: =TEXT(I4,"0.0")&" x "&IF(J4=INT(J4),TEXT(J4,"0"),TEXT(J4,"0.0")) -> 2.5 x 29
A5: HAWCH1-C4 | B5: HAW-CH1-FP | C5: FP | D5: 2727.18 | E5: 0.0056101887 | F5: 3.3834257 | I5: 2.5 | J5: 29 | K5: 173.67399 | L5: 0.03 | M5: =TEXT(I5,"0.0")&" x "&IF(J5=INT(J5),TEXT(J5,"0"),TEXT(J5,"0.0")) -> 2.5 x 29
A6: HAWCH1-C5 | B6: HAW-CH1-FP | C6: FP | D6: 264.26 | E6: 0.001 | F6: 1.5364128 | I6: 2.5 | J6: 60.5 | K6: 173.67399 | L6: 0.03 | M6: =TEXT(I6,"0.0")&" x "&IF(J6=INT(J6),TEXT(J6,"0"),TEXT(J6,"0.0")) -> 2.5 x 60.5
A7: HAWCH1-C6 | B7: HAW-CH1-FP | C7: FP | D7: 415.31 | E7: 0.0020316177 | F7: 2.2217343 | I7: 2.5 | J7: 89.5 | K7: 372.533 | L7: 0.03 | M7: =TEXT(I7,"0.0")&" x "&IF(J7=INT(J7),TEXT(J7,"0"),TEXT(J7,"0.0")) -> 2.5 x 89.5
A8: HAWCH1-C7 | B8: HAW-CH1-FP | C8: FP | D8: 1166.26 | E8: 0.0023339654 | F8: 2.1278261 | I8: 3 | J8: 89.5 | K8: 299.41299 | L8: 0.03 | M8: =TEXT(I8,"0.0")&" x "&IF(J8=INT(J8),TEXT(J8,"0"),TEXT(J8,"0.0")) -> 3.0 x 89.5
A9: HAWCH2-C1 | B9: HAW-CH2-SS | C9: SS | D9: 1507.8 | E9: 0.0065844276 | F9: 0 | I9: 2.5 | J9: 10 | K9: 0 | L9: 0.03 | M9: =TEXT(I9,"0.0")&" x "&IF(J9=INT(J9),TEXT(J9,"0"),TEXT(J9,"0.0")) -> 2.5 x 10
A10: HAWCH2-C2 | B10: HAW-CH2-SS | C10: SS | D10: 1084.7 | E10: 0.0059140885 | F10: 3.4659768 | I10: 2.5 | J10: 20.5 | K10: 131.946 | L10: 0.03 | M10: =TEXT(I10,"0.0")&" x "&IF(J10=INT(J10),TEXT(J10,"0"),TEXT(J10,"0.0")) -> 2.5 x 20.5
A11: HAWCH2-C3 | B11: HAW-CH2-SS | C11: SS | D11: 902.25 | E11: 0.0024195148 | F11: 2.3075029 | I11: 2.5 | J11: 30.5 | K11: 131.946 | L11: 0.03 | M11: =TEXT(I11,"0.0")&" x "&IF(J11=INT(J11),TEXT(J11,"0"),TEXT(J11,"0.0")) -> 2.5 x 30.5
A12: HAWCH2-C4 | B12: HAW-CH2-SS | C12: SS | D12: 500 | E12: 0.0099860999 | F12: 3.5872656 | I12: 2.5 | J12: 30.5 | K12: 131.946 | L12: 0.03 | M12: =TEXT(I12,"0.0")&" x "&IF(J12=INT(J12),TEXT(J12,"0"),TEXT(J12,"0.0")) -> 2.5 x 30.5
A13: HAWCH2-C5 | B13: HAW-CH2-SS | C13: SS | D13: 2045.67 | E13: 0.0037977703 | F13: 2.6570686 | I13: 2.5 | J13: 30.5 | K13: 131.946 | L13: 0.03 | M13: =TEXT(I13,"0.0")&" x "&IF(J13=INT(J13),TEXT(J13,"0"),TEXT(J13,"0.0")) -> 2.5 x 30.5
... A213: SAKCH5-C2 | B213: SAK-CH5-SS | C213: SS | D213: 1096.37 | E213: 0.001 | F213: 1.5250242 | I213: 2.5 | J213: 52.5 | K213: 149.218 | L213: 0.03 | M213: =TEXT(I213,"0.0")&" x "&IF(J213=INT(J213),TEXT(J213,"0"),TEXT(J213,"0.0")) -> 2.5 x 52.5

Sheet Channel sections
A1: Channel | B1: Class | C1: Length (km) | D1: Design flow 200-year (m³/s) | E1: Bed width, first reach (m) | F1: Bed width, last reach (m) | G1: Bed width, min (m) | H1: Bed width, max (m) | I1: Depths used (m) | J1: Velocity, max (m/s) | K1: Reaches
A2: HAW-CH1-FP | B2: FP | C2: =SUMIF(Reaches!$B$2:$B$213,A2,Reaches!$D$2:$D$213)/1000 -> 8.2039 | D2: =_xlfn.MAXIFS(Reaches!$K$2:$K$213,Reaches!$B$2:$B$213,A2) -> 372.533 | E2: =INDEX(Reaches!$J$2:$J$213,MATCH(A2,Reaches!$B$2:$B$213,0)) -> 29 | F2: =LOOKUP(2,1/(Reaches!$B$2:$B$213=A2),Reaches!$J$2:$J$213) -> 89.5 | G2: =_xlfn.MINIFS(Reaches!$J$2:$J$213,Reaches!$B$2:$B$213,A2) -> 29 | H2: =_xlfn.MAXIFS(Reaches!$J$2:$J$213,Reaches!$B$2:$B$213,A2) -> 89.5 | I2: 2.5, 3.0 | J2: =_xlfn.MAXIFS(Reaches!$F$2:$F$213,Reaches!$B$2:$B$213,A2) -> 4.2936286 | K2: =COUNTIF(Reaches!$B$2:$B$213,A2) -> 7
A3: HAW-CH2-SS | B3: SS | C3: =SUMIF(Reaches!$B$2:$B$213,A3,Reaches!$D$2:$D$213)/1000 -> 7.72172 | D3: =_xlfn.MAXIFS(Reaches!$K$2:$K$213,Reaches!$B$2:$B$213,A3) -> 215.326 | E3: =INDEX(Reaches!$J$2:$J$213,MATCH(A3,Reaches!$B$2:$B$213,0)) -> 10 | F3: =LOOKUP(2,1/(Reaches!$B$2:$B$213=A3),Reaches!$J$2:$J$213) -> 54 | G3: =_xlfn.MINIFS(Reaches!$J$2:$J$213,Reaches!$B$2:$B$213,A3) -> 10 | H3: =_xlfn.MAXIFS(Reaches!$J$2:$J$213,Reaches!$B$2:$B$213,A3) -> 54 | I3: 2.5 | J3: =_xlfn.MAXIFS(Reaches!$F$2:$F$213,Reaches!$B$2:$B$213,A3) -> 3.5872656 | K3: =COUNTIF(Reaches!$B$2:$B$213,A3) -> 8
A4: HAW-CH3-SS | B4: SS | C4: =SUMIF(Reaches!$B$2:$B$213,A4,Reaches!$D$2:$D$213)/1000 -> 1.44039 | D4: =_xlfn.MAXIFS(Reaches!$K$2:$K$213,Reaches!$B$2:$B$213,A4) -> 0 | E4: =INDEX(Reaches!$J$2:$J$213,MATCH(A4,Reaches!$B$2:$B$213,0)) -> 10 | F4: =LOOKUP(2,1/(Reaches!$B$2:$B$213=A4),Reaches!$J$2:$J$213) -> 10 | G4: =_xlfn.MINIFS(Reaches!$J$2:$J$213,Reaches!$B$2:$B$213,A4) -> 10 | H4: =_xlfn.MAXIFS(Reaches!$J$2:$J$213,Reaches!$B$2:$B$213,A4) -> 10 | I4: 2.5 | J4: =_xlfn.MAXIFS(Reaches!$F$2:$F$213,Reaches!$B$2:$B$213,A4) -> 0 | K4: =COUNTIF(Reaches!$B$2:$B$213,A4) -> 1
A5: HAW-CH4-SS | B5: SS | C5: =SUMIF(Reaches!$B$2:$B$213,A5,Reaches!$D$2:$D$213)/1000 -> 1.38529 | D5: =_xlfn.MAXIFS(Reaches!$K$2:$K$213,Reaches!$B$2:$B$213,A5) -> 0 | E5: =INDEX(Reaches!$J$2:$J$213,MATCH(A5,Reaches!$B$2:$B$213,0)) -> 10 | F5: =LOOKUP(2,1/(Reaches!$B$2:$B$213=A5),Reaches!$J$2:$J$213) -> 10 | G5: =_xlfn.MINIFS(Reaches!$J$2:$J$213,Reaches!$B$2:$B$213,A5) -> 10 | H5: =_xlfn.MAXIFS(Reaches!$J$2:$J$213,Reaches!$B$2:$B$213,A5) -> 10 | I5: 2.5 | J5: =_xlfn.MAXIFS(Reaches!$F$2:$F$213,Reaches!$B$2:$B$213,A5) -> 0 | K5: =COUNTIF(Reaches!$B$2:$B$213,A5) -> 2
A6: HAW-CH5-SS | B6: SS | C6: =SUMIF(Reaches!$B$2:$B$213,A6,Reaches!$D$2:$D$213)/1000 -> 7.06585 | D6: =_xlfn.MAXIFS(Reaches!$K$2:$K$213,Reaches!$B$2:$B$213,A6) -> 198.85899 | E6: =INDEX(Reaches!$J$2:$J$213,MATCH(A6,Reaches!$B$2:$B$213,0)) -> 10 | F6: =LOOKUP(2,1/(Reaches!$B$2:$B$213=A6),Reaches!$J$2:$J$213) -> 44.5 | G6: =_xlfn.MINIFS(Reaches!$J$2:$J$213,Reaches!$B$2:$B$213,A6) -> 10 | H6: =_xlfn.MAXIFS(Reaches!$J$2:$J$213,Reaches!$B$2:$B$213,A6) -> 44.5 | I6: 2.5 | J6: =_xlfn.MAXIFS(Reaches!$F$2:$F$213,Reaches!$B$2:$B$213,A6) -> 3.8884749 | K6: =COUNTIF(Reaches!$B$2:$B$213,A6) -> 7
A7: HAW-CH6-SS | B7: SS | C7: =SUMIF(Reaches!$B$2:$B$213,A7,Reaches!$D$2:$D$213)/1000 -> 1.27025 | D7: =_xlfn.MAXIFS(Reaches!$K$2:$K$213,Reaches!$B$2:$B$213,A7) -> 25.214 | E7: =INDEX(Reaches!$J$2:$J$213,MATCH(A7,Reaches!$B$2:$B$213,0)) -> 10 | F7: =LOOKUP(2,1/(Reaches!$B$2:$B$213=A7),Reaches!$J$2:$J$213) -> 10 | G7: =_xlfn.MINIFS(Reaches!$J$2:$J$213,Reaches!$B$2:$B$213,A7) -> 10 | H7: =_xlfn.MAXIFS(Reaches!$J$2:$J$213,Reaches!$B$2:$B$213,A7) -> 10 | I7: 2.5 | J7: =_xlfn.MAXIFS(Reaches!$F$2:$F$213,Reaches!$B$2:$B$213,A7) -> 1.9777697 | K7: =COUNTIF(Reaches!$B$2:$B$213,A7) -> 1
A8: HAW-CH7-SS | B8: SS | C8: =SUMIF(Reaches!$B$2:$B$213,A8,Reaches!$D$2:$D$213)/1000 -> 6.50755 | D8: =_xlfn.MAXIFS(Reaches!$K$2:$K$213,Reaches!$B$2:$B$213,A8) -> 79.944002 | E8: =INDEX(Reaches!$J$2:$J$213,MATCH(A8,Reaches!$B$2:$B$213,0)) -> 12.5 | F8: =LOOKUP(2,1/(Reaches!$B$2:$B$213=A8),Reaches!$J$2:$J$213) -> 29 | G8: =_xlfn.MINIFS(Reaches!$J$2:$J$213,Reaches!$B$2:$B$213,A8) -> 12.5 | H8: =_xlfn.MAXIFS(Reaches!$J$2:$J$213,Reaches!$B$2:$B$213,A8) -> 29 | I8: 2.5 | J8: =_xlfn.MAXIFS(Reaches!$F$2:$F$213,Reaches!$B$2:$B$213,A8) -> 3.8051224 | K8: =COUNTIF(Reaches!$B$2:$B$213,A8) -> 6
A9: SHA-CH1-FP | B9: FP | C9: =SUMIF(Reaches!$B$2:$B$213,A9,Reaches!$D$2:$D$213)/1000 -> 8.04419 | D9: =_xlfn.MAXIFS(Reaches!$K$2:$K$213,Reaches!$B$2:$B$213,A9) -> 996.01399 | E9: =INDEX(Reaches!$J$2:$J$213,MATCH(A9,Reaches!$B$2:$B$213,0)) -> 156.5 | F9: =LOOKUP(2,1/(Reaches!$B$2:$B$213=A9),Reaches!$J$2:$J$213) -> 218.5 | G9: =_xlfn.MINIFS(Reaches!$J$2:$J$213,Reaches!$B$2:$B$213,A9) -> 156.5 | H9: =_xlfn.MAXIFS(Reaches!$J$2:$J$213,Reaches!$B$2:$B$213,A9) -> 218.5 | I9: 2.5, 3.0 | J9: =_xlfn.MAXIFS(Reaches!$F$2:$F$213,Reaches!$B$2:$B$213,A9) -> 3.8908988 | K9: =COUNTIF(Reaches!$B$2:$B$213,A9) -> 12
A10: SHA-CH2-SM | B10: SM | C10: =SUMIF(Reaches!$B$2:$B$213,A10,Reaches!$D$2:$D$213)/1000 -> 11.43602 | D10: =_xlfn.MAXIFS(Reaches!$K$2:$K$213,Reaches!$B$2:$B$213,A10) -> 637.05797 | E10: =INDEX(Reaches!$J$2:$J$213,MATCH(A10,Reaches!$B$2:$B$213,0)) -> 83.5 | F10: =LOOKUP(2,1/(Reaches!$B$2:$B$213=A10),Reaches!$J$2:$J$213) -> 107.5 | G10: =_xlfn.MINIFS(Reaches!$J$2:$J$213,Reaches!$B$2:$B$213,A10) -> 83.5 | H10: =_xlfn.MAXIFS(Reaches!$J$2:$J$213,Reaches!$B$2:$B$213,A10) -> 107.5 | I10: 2.5 | J10: =_xlfn.MAXIFS(Reaches!$F$2:$F$213,Reaches!$B$2:$B$213,A10) -> 4.4594432 | K10: =COUNTIF(Reaches!$B$2:$B$213,A10) -> 8
A11: SHA-CH3-SM | B11: SM | C11: =SUMIF(Reaches!$B$2:$B$213,A11,Reaches!$D$2:$D$213)/1000 -> 13.87842 | D11: =_xlfn.MAXIFS(Reaches!$K$2:$K$213,Reaches!$B$2:$B$213,A11) -> 794.70798 | E11: =INDEX(Reaches!$J$2:$J$213,MATCH(A11,Reaches!$B$2:$B$213,0)) -> 10 | F11: =LOOKUP(2,1/(Reaches!$B$2:$B$213=A11),Reaches!$J$2:$J$213) -> 267 | G11: =_xlfn.MINIFS(Reaches!$J$2:$J$213,Reaches!$B$2:$B$213,A11) -> 10 | H11: =_xlfn.MAXIFS(Reaches!$J$2:$J$213,Reaches!$B$2:$B$213,A11) -> 267 | I11: 2.5 | J11: =_xlfn.MAXIFS(Reaches!$F$2:$F$213,Reaches!$B$2:$B$213,A11) -> 4.3759529 | K11: =COUNTIF(Reaches!$B$2:$B$213,A11) -> 16
A12: SHA-CH4-SM | B12: SM | C12: =SUMIF(Reaches!$B$2:$B$213,A12,Reaches!$D$2:$D$213)/1000 -> 8.27683 | D12: =_xlfn.MAXIFS(Reaches!$K$2:$K$213,Reaches!$B$2:$B$213,A12) -> 752.51201 | E12: =INDEX(Reaches!$J$2:$J$213,MATCH(A12,Reaches!$B$2:$B$213,0)) -> 94.5 | F12: =LOOKUP(2,1/(Reaches!$B$2:$B$213=A12),Reaches!$J$2:$J$213) -> 253 | G12: =_xlfn.MINIFS(Reaches!$J$2:$J$213,Reaches!$B$2:$B$213,A12) -> 94.5 | H12: =_xlfn.MAXIFS(Reaches!$J$2:$J$213,Reaches!$B$2:$B$213,A12) -> 253 | I12: 2.5 | J12: =_xlfn.MAXIFS(Reaches!$F$2:$F$213,Reaches!$B$2:$B$213,A12) -> 3.5095814 | K12: =COUNTIF(Reaches!$B$2:$B$213,A12) -> 10
A13: SHA-CH5-SM | B13: SM | C13: =SUMIF(Reaches!$B$2:$B$213,A13,Reaches!$D$2:$D$213)/1000 -> 9.91674 | D13: =_xlfn.MAXIFS(Reaches!$K$2:$K$213,Reaches!$B$2:$B$213,A13) -> 248.966 | E13: =INDEX(Reaches!$J$2:$J$213,MATCH(A13,Reaches!$B$2:$B$213,0)) -> 20.5 | F13: =LOOKUP(2,1/(Reaches!$B$2:$B$213=A13),Reaches!$J$2:$J$213) -> 50 | G13: =_xlfn.MINIFS(Reaches!$J$2:$J$213,Reaches!$B$2:$B$213,A13) -> 20.5 | H13: =_xlfn.MAXIFS(Reaches!$J$2:$J$213,Reaches!$B$2:$B$213,A13) -> 50 | I13: 2.5 | J13: =_xlfn.MAXIFS(Reaches!$F$2:$F$213,Reaches!$B$2:$B$213,A13) -> 3.7748777 | K13: =COUNTIF(Reaches!$B$2:$B$213,A13) -> 6
... A38: SAK-CH5-SS | B38: SS | C38: =SUMIF(Reaches!$B$2:$B$213,A38,Reaches!$D$2:$D$213)/1000 -> 2.77362 | D38: =_xlfn.MAXIFS(Reaches!$K$2:$K$213,Reaches!$B$2:$B$213,A38) -> 149.218 | E38: =INDEX(Reaches!$J$2:$J$213,MATCH(A38,Reaches!$B$2:$B$213,0)) -> 14 | F38: =LOOKUP(2,1/(Reaches!$B$2:$B$213=A38),Reaches!$J$2:$J$213) -> 52.5 | G38: =_xlfn.MINIFS(Reaches!$J$2:$J$213,Reaches!$B$2:$B$213,A38) -> 14 | H38: =_xlfn.MAXIFS(Reaches!$J$2:$J$213,Reaches!$B$2:$B$213,A38) -> 52.5 | I38: 2.5 | J38: =_xlfn.MAXIFS(Reaches!$F$2:$F$213,Reaches!$B$2:$B$213,A38) -> 2.7268469 | K38: =COUNTIF(Reaches!$B$2:$B$213,A38) -> 2
A39: Total | C39: =SUM(C2:C38) -> 221.34584 | K39: =SUM(K2:K38) -> 212

Sheet Size inventory
A1: Depth of section (m) | B1: Bed width (m) | C1: Size (depth x width, m) | D1: Reaches | E1: Length (m)
A2: 2.5 | B2: 10 | C2: =TEXT(A2,"0.0")&" x "&IF(B2=INT(B2),TEXT(B2,"0"),TEXT(B2,"0.0")) -> 2.5 x 10 | D2: =COUNTIFS(Reaches!$I$2:$I$213,A2,Reaches!$J$2:$J$213,B2) -> 22 | E2: =SUMIFS(Reaches!$D$2:$D$213,Reaches!$I$2:$I$213,A2,Reaches!$J$2:$J$213,B2) -> 23146.14
A3: 2.5 | B3: 11.5 | C3: =TEXT(A3,"0.0")&" x "&IF(B3=INT(B3),TEXT(B3,"0"),TEXT(B3,"0.0")) -> 2.5 x 11.5 | D3: =COUNTIFS(Reaches!$I$2:$I$213,A3,Reaches!$J$2:$J$213,B3) -> 1 | E3: =SUMIFS(Reaches!$D$2:$D$213,Reaches!$I$2:$I$213,A3,Reaches!$J$2:$J$213,B3) -> 1088.94
A4: 2.5 | B4: 12 | C4: =TEXT(A4,"0.0")&" x "&IF(B4=INT(B4),TEXT(B4,"0"),TEXT(B4,"0.0")) -> 2.5 x 12 | D4: =COUNTIFS(Reaches!$I$2:$I$213,A4,Reaches!$J$2:$J$213,B4) -> 1 | E4: =SUMIFS(Reaches!$D$2:$D$213,Reaches!$I$2:$I$213,A4,Reaches!$J$2:$J$213,B4) -> 1856.31
A5: 2.5 | B5: 12.5 | C5: =TEXT(A5,"0.0")&" x "&IF(B5=INT(B5),TEXT(B5,"0"),TEXT(B5,"0.0")) -> 2.5 x 12.5 | D5: =COUNTIFS(Reaches!$I$2:$I$213,A5,Reaches!$J$2:$J$213,B5) -> 3 | E5: =SUMIFS(Reaches!$D$2:$D$213,Reaches!$I$2:$I$213,A5,Reaches!$J$2:$J$213,B5) -> 2596.16
A6: 2.5 | B6: 13 | C6: =TEXT(A6,"0.0")&" x "&IF(B6=INT(B6),TEXT(B6,"0"),TEXT(B6,"0.0")) -> 2.5 x 13 | D6: =COUNTIFS(Reaches!$I$2:$I$213,A6,Reaches!$J$2:$J$213,B6) -> 2 | E6: =SUMIFS(Reaches!$D$2:$D$213,Reaches!$I$2:$I$213,A6,Reaches!$J$2:$J$213,B6) -> 2651.8
A7: 2.5 | B7: 13.5 | C7: =TEXT(A7,"0.0")&" x "&IF(B7=INT(B7),TEXT(B7,"0"),TEXT(B7,"0.0")) -> 2.5 x 13.5 | D7: =COUNTIFS(Reaches!$I$2:$I$213,A7,Reaches!$J$2:$J$213,B7) -> 1 | E7: =SUMIFS(Reaches!$D$2:$D$213,Reaches!$I$2:$I$213,A7,Reaches!$J$2:$J$213,B7) -> 1242.72
A8: 2.5 | B8: 14 | C8: =TEXT(A8,"0.0")&" x "&IF(B8=INT(B8),TEXT(B8,"0"),TEXT(B8,"0.0")) -> 2.5 x 14 | D8: =COUNTIFS(Reaches!$I$2:$I$213,A8,Reaches!$J$2:$J$213,B8) -> 3 | E8: =SUMIFS(Reaches!$D$2:$D$213,Reaches!$I$2:$I$213,A8,Reaches!$J$2:$J$213,B8) -> 3682.73
A9: 2.5 | B9: 14.5 | C9: =TEXT(A9,"0.0")&" x "&IF(B9=INT(B9),TEXT(B9,"0"),TEXT(B9,"0.0")) -> 2.5 x 14.5 | D9: =COUNTIFS(Reaches!$I$2:$I$213,A9,Reaches!$J$2:$J$213,B9) -> 1 | E9: =SUMIFS(Reaches!$D$2:$D$213,Reaches!$I$2:$I$213,A9,Reaches!$J$2:$J$213,B9) -> 1717
A10: 2.5 | B10: 15 | C10: =TEXT(A10,"0.0")&" x "&IF(B10=INT(B10),TEXT(B10,"0"),TEXT(B10,"0.0")) -> 2.5 x 15 | D10: =COUNTIFS(Reaches!$I$2:$I$213,A10,Reaches!$J$2:$J$213,B10) -> 3 | E10: =SUMIFS(Reaches!$D$2:$D$213,Reaches!$I$2:$I$213,A10,Reaches!$J$2:$J$213,B10) -> 3802.54
A11: 2.5 | B11: 15.5 | C11: =TEXT(A11,"0.0")&" x "&IF(B11=INT(B11),TEXT(B11,"0"),TEXT(B11,"0.0")) -> 2.5 x 15.5 | D11: =COUNTIFS(Reaches!$I$2:$I$213,A11,Reaches!$J$2:$J$213,B11) -> 1 | E11: =SUMIFS(Reaches!$D$2:$D$213,Reaches!$I$2:$I$213,A11,Reaches!$J$2:$J$213,B11) -> 666.8
A12: 2.5 | B12: 16.5 | C12: =TEXT(A12,"0.0")&" x "&IF(B12=INT(B12),TEXT(B12,"0"),TEXT(B12,"0.0")) -> 2.5 x 16.5 | D12: =COUNTIFS(Reaches!$I$2:$I$213,A12,Reaches!$J$2:$J$213,B12) -> 1 | E12: =SUMIFS(Reaches!$D$2:$D$213,Reaches!$I$2:$I$213,A12,Reaches!$J$2:$J$213,B12) -> 558.59
A13: 2.5 | B13: 17 | C13: =TEXT(A13,"0.0")&" x "&IF(B13=INT(B13),TEXT(B13,"0"),TEXT(B13,"0.0")) -> 2.5 x 17 | D13: =COUNTIFS(Reaches!$I$2:$I$213,A13,Reaches!$J$2:$J$213,B13) -> 2 | E13: =SUMIFS(Reaches!$D$2:$D$213,Reaches!$I$2:$I$213,A13,Reaches!$J$2:$J$213,B13) -> 2487.8
... A89: 3 | B89: 218.5 | C89: =TEXT(A89,"0.0")&" x "&IF(B89=INT(B89),TEXT(B89,"0"),TEXT(B89,"0.0")) -> 3.0 x 218.5 | D89: =COUNTIFS(Reaches!$I$2:$I$213,A89,Reaches!$J$2:$J$213,B89) -> 1 | E89: =SUMIFS(Reaches!$D$2:$D$213,Reaches!$I$2:$I$213,A89,Reaches!$J$2:$J$213,B89) -> 920.2
A90: Total | D90: =SUM(D2:D89) -> 212 | E90: =SUM(E2:E89) -> 221345.84

Sheet Outfalls
A1: Outfall | B1: Channel | C1: Flow 200-year (m³/s) | D1: Bed width (m) | E1: Invert (m) | F1: Existing ground (m) | G1: Flow depth 200-year (m) | H1: Invert above MHHW (m)
A2: HAWCH1-O13 | B2: HAW-CH1-FP | C2: 299.4 | D2: 89.5 | E2: -0.5 | F2: 2.5 | G2: 1.05 | H2: =E2-$B$18 -> -1.2
A3: HAWCH7-O14 | B3: HAW-CH7-SS | C3: 79.9 | D3: 29 | E3: 3.05 | F3: 5.82 | G3: 0.92 | H3: =E3-$B$18 -> 2.35
A4: SAKCH2-O1 | B4: SAK-CH2-FP | C4: 1461 | D4: 488 | E4: 0.99 | F4: 3.49 | G4: 0.97 | H4: =E4-$B$18 -> 0.29
A5: SAKCH3-O2 | B5: SAK-CH3-SM | C5: 263.8 | D5: 90.5 | E5: -0.35 | F5: 4.21 | G5: 0.95 | H5: =E5-$B$18 -> -1.05
A6: SAKCH5-O3 | B6: SAK-CH5-SS | C6: 149.2 | D6: 52.5 | E6: 0.77 | F6: 4.99 | G6: 0.94 | H6: =E6-$B$18 -> 0.07
A7: SARCH1-O5 | B7: SAR-CH1-FP | C7: 1022 | D7: 343 | E7: 0.09 | F7: 4.01 | G7: 0.97 | H7: =E7-$B$18 -> -0.61
A8: SARCH2-O4 | B8: SAR-CH2-SM | C8: 332.6 | D8: 94 | E8: 3.19 | F8: 5.68 | G8: 1.08 | H8: =E8-$B$18 -> 2.49
A9: SHACH1-O11 | B9: SHA-CH1-FP | C9: 996 | D9: 218.5 | E9: -0.7 | F9: 2.3 | G9: 1.28 | H9: =E9-$B$18 -> -1.4
A10: SHACH13-O15 | B10: SHA-CH13-SS | C10: 313.4 | D10: 49.5 | E10: 47.61 | F10: 50.11 | G10: 1.6 | H10: =E10-$B$18 -> 46.91
A11: SHACH16-O8 | B11: SHA-CH16-SS | C11: 105.1 | D11: 37.5 | E11: 1.47 | F11: 4.66 | G11: 0.93 | H11: =E11-$B$18 -> 0.77
A12: SHACH19-O10 | B12: SHA-CH19-SS | C12: 0 | D12: 10 | E12: 5.46 | F12: 7.96 | G12: 0 | H12: =E12-$B$18 -> 4.76
A13: SHACH3-O7 | B13: SHA-CH3-SM | C13: 794.7 | D13: 267 | E13: -1.48 | F13: 3.4 | G13: 0.97 | H13: =E13-$B$18 -> -2.18
... A16: SHACH7-O12 | B16: SHA-CH7-SM | C16: 273.4 | D16: 58 | E16: 2.66 | F16: 5.16 | G16: 1.31 | H16: =E16-$B$18 -> 1.96
A18: MHHW (m) | B18: 0.7

Sheet Proposed culverts
A1: ID | B1: Road | C1: Channel | D1: Reach | E1: Station (m) | F1: Flow 200-year (m³/s) | G1: Channel bed width (m) | H1: Channel depth (m) | I1: Cells | J1: Cell width (m) | K1: Cell height (m) | L1: Cells x width x height (m) | M1: Overall width (m) | N1: Length across the road (m) | O1: Slope (m/m) | P1: Skew (deg) | Q1: Headwater (m) | R1: Headwater / height | S1: Control | T1: Tailwater (m) | U1: Existing structure | V1: Existing size (cells x W x H, m) | W1: Existing barrels | X1: Existing structures (no.) | Y1: Existing waterway width (m) | Z1: Existing clear height (m)
A2: 1 | B2: Batinah Coastal Road | C2: HAW-CH1-FP | D2: HAWCH1-C7 | E2: 8194.5 | F2: 299.4 | G2: 89.5 | H2: 3 | I2: 23 | J2: 4 | K2: 3 | L2: =I2&" x "&TEXT(J2,"0")&" x "&TEXT(K2,"0.0") -> 23 x 4 x 3.0 | M2: =I2*J2+(I2+1)*0.25 -> 98 | N2: 32 | O2: 0.0023 | P2: 1 | Q2: 1.97 | R2: =Q2/K2 -> 0.65666667 | S2: outlet | T2: 1.57 | U2: None | V2: – | W2: 0 | X2: 0 | Y2: 0 | Z2: 0
A3: 2 | B3: Batinah Highway | C3: HAW-CH1-FP | D3: HAWCH1-C5 | E3: 6398.2 | F3: 173.7 | G3: 60.5 | H3: 2.5 | I3: 16 | J3: 4 | K3: 2.5 | L3: =I3&" x "&TEXT(J3,"0")&" x "&TEXT(K3,"0.0") -> 16 x 4 x 2.5 | M3: =I3*J3+(I3+1)*0.25 -> 68.25 | N3: 45 | O3: 0.001 | P3: 4.6 | Q3: 1.86 | R3: =Q3/K3 -> 0.744 | S3: outlet | T3: 1.87 | U3: Culvert | V3: 1x2x2 | W3: 1 | X3: 1 | Y3: 2 | Z3: 2
A4: 3 | B4: North Batinah Bypass | C4: HAW-CH1-FP | D4: HAWCH1-C2 | E4: 3070.8 | F4: 173.7 | G4: 29 | H4: 2.5 | I4: 8 | J4: 4 | K4: 2.5 | L4: =I4&" x "&TEXT(J4,"0")&" x "&TEXT(K4,"0.0") -> 8 x 4 x 2.5 | M4: =I4*J4+(I4+1)*0.25 -> 34.25 | N4: 45 | O4: 0.0058 | P4: 0.3 | Q4: 2.25 | R4: =Q4/K4 -> 0.9 | S4: inlet | T4: 1.75 | U4: None | V4: – | W4: 0 | X4: 0 | Y4: 0 | Z4: 0
A5: 4 | B5: Batinah Highway | C5: HAW-CH2-SS | D5: HAWCH2-C7 | E5: 7119.6 | F5: 215.3 | G5: 54 | H5: 2.5 | I5: 14 | J5: 4 | K5: 2.5 | L5: =I5&" x "&TEXT(J5,"0")&" x "&TEXT(K5,"0.0") -> 14 x 4 x 2.5 | M5: =I5*J5+(I5+1)*0.25 -> 59.75 | N5: 45 | O5: 0.0019 | P5: 21.5 | Q5: 1.86 | R5: =Q5/K5 -> 0.744 | S5: outlet | T5: 1.87 | U5: Culvert | V5: 11x2x1 | W5: 11 | X5: 1 | Y5: 22 | Z5: 1
A6: 5 | B6: North Batinah Bypass | C6: HAW-CH2-SS | D6: HAWCH2-C3 | E6: 3345.8 | F6: 131.9 | G6: 30.5 | H6: 2.5 | I6: 8 | J6: 4 | K6: 2.5 | L6: =I6&" x "&TEXT(J6,"0")&" x "&TEXT(K6,"0.0") -> 8 x 4 x 2.5 | M6: =I6*J6+(I6+1)*0.25 -> 34.25 | N6: 45 | O6: 0.0024 | P6: 1.6 | Q6: 1.87 | R6: =Q6/K6 -> 0.748 | S6: inlet | T6: 1.87 | U6: None | V6: – | W6: 0 | X6: 0 | Y6: 0 | Z6: 0
A7: 6 | B7: Batinah Highway | C7: HAW-CH5-SS | D7: HAWCH5-C7 | E7: 6769.7 | F7: 198.9 | G7: 44.5 | H7: 2.5 | I7: 12 | J7: 4 | K7: 2.5 | L7: =I7&" x "&TEXT(J7,"0")&" x "&TEXT(K7,"0.0") -> 12 x 4 x 2.5 | M7: =I7*J7+(I7+1)*0.25 -> 51.25 | N7: 45 | O7: 0.0036 | P7: 43.2 | Q7: 1.87 | R7: =Q7/K7 -> 0.748 | S7: inlet | T7: 1.66 | U7: None | V7: – | W7: 0 | X7: 0 | Y7: 0 | Z7: 0
A8: 7 | B8: North Batinah Bypass | C8: HAW-CH5-SS | D8: HAWCH5-C3 | E8: 3023.4 | F8: 114.8 | G8: 20.5 | H8: 2.5 | I8: 6 | J8: 4 | K8: 2.5 | L8: =I8&" x "&TEXT(J8,"0")&" x "&TEXT(K8,"0.0") -> 6 x 4 x 2.5 | M8: =I8*J8+(I8+1)*0.25 -> 25.75 | N8: 45 | O8: 0.0045 | P8: 13.8 | Q8: 2.06 | R8: =Q8/K8 -> 0.824 | S8: inlet | T8: 1.85 | U8: None | V8: – | W8: 0 | X8: 0 | Y8: 0 | Z8: 0
A9: 8 | B9: Batinah Coastal Road | C9: HAW-CH7-SS | D9: HAWCH7-C6 | E9: 6507.5 | F9: 79.9 | G9: 29 | H9: 2.5 | I9: 8 | J9: 4 | K9: 2.5 | L9: =I9&" x "&TEXT(J9,"0")&" x "&TEXT(K9,"0.0") -> 8 x 4 x 2.5 | M9: =I9*J9+(I9+1)*0.25 -> 34.25 | N9: 32 | O9: 0.001 | P9: 9.5 | Q9: 1.87 | R9: =Q9/K9 -> 0.748 | S9: outlet | T9: 1.87 | U9: None | V9: – | W9: 0 | X9: 0 | Y9: 0 | Z9: 0
A10: 9 | B10: Batinah Highway | C10: HAW-CH7-SS | D10: HAWCH7-C5 | E10: 4562.3 | F10: 79.9 | G10: 19.5 | H10: 2.5 | I10: 5 | J10: 4 | K10: 2.5 | L10: =I10&" x "&TEXT(J10,"0")&" x "&TEXT(K10,"0.0") -> 5 x 4 x 2.5 | M10: =I10*J10+(I10+1)*0.25 -> 21.5 | N10: 45 | O10: 0.007 | P10: 10.2 | Q10: 1.82 | R10: =Q10/K10 -> 0.728 | S10: inlet | T10: 1.32 | U10: None | V10: – | W10: 0 | X10: 0 | Y10: 0 | Z10: 0
A11: 10 | B11: North Batinah Bypass | C11: HAW-CH7-SS | D11: HAWCH7-C1 | E11: 1169.2 | F11: 65.9 | G11: 12.5 | H11: 2.5 | I11: 4 | J11: 4 | K11: 2.5 | L11: =I11&" x "&TEXT(J11,"0")&" x "&TEXT(K11,"0.0") -> 4 x 4 x 2.5 | M11: =I11*J11+(I11+1)*0.25 -> 17.25 | N11: 45 | O11: 0.0045 | P11: 2.1 | Q11: 1.86 | R11: =Q11/K11 -> 0.744 | S11: inlet | T11: 1.86 | U11: None | V11: – | W11: 0 | X11: 0 | Y11: 0 | Z11: 0
A12: 11 | B12: Batinah Coastal Road | C12: SHA-CH1-FP | D12: SHACH1-C12 | E12: 8039.4 | F12: 996 | G12: 218.5 | H12: 3 | I12: 55 | J12: 4 | K12: 3 | L12: =I12&" x "&TEXT(J12,"0")&" x "&TEXT(K12,"0.0") -> 55 x 4 x 3.0 | M12: =I12*J12+(I12+1)*0.25 -> 234 | N12: 32 | O12: 0.0032 | P12: 16.7 | Q12: 2.1 | R12: =Q12/K12 -> 0.7 | S12: outlet | T12: 1.71 | U12: None | V12: – | W12: 0 | X12: 0 | Y12: 0 | Z12: 0
A13: 12 | B13: Batinah Highway | C13: SHA-CH1-FP | D13: SHACH1-C11 | E13: 6695.6 | F13: 996 | G13: 218.5 | H13: 2.5 | I13: 55 | J13: 4 | K13: 2.5 | L13: =I13&" x "&TEXT(J13,"0")&" x "&TEXT(K13,"0.0") -> 55 x 4 x 2.5 | M13: =I13*J13+(I13+1)*0.25 -> 234 | N13: 45 | O13: 0.0024 | P13: 10 | Q13: 1.99 | R13: =Q13/K13 -> 0.796 | S13: inlet | T13: 1.87 | U13: Culvert | V13: 18x4x1 | W13: 18 | X13: 1 | Y13: 72 | Z13: 1
... A62: 61 | B62: Batinah Coastal Road | C62: SAK-CH5-SS | D62: SAKCH5-C2 | E62: 2773.6 | F62: 149.2 | G62: 52.5 | H62: 2.5 | I62: 14 | J62: 4 | K62: 2.5 | L62: =I62&" x "&TEXT(J62,"0")&" x "&TEXT(K62,"0.0") -> 14 x 4 x 2.5 | M62: =I62*J62+(I62+1)*0.25 -> 59.75 | N62: 32 | O62: 0.001 | P62: 10 | Q62: 1.87 | R62: =Q62/K62 -> 0.748 | S62: outlet | T62: 1.86 | U62: None | V62: – | W62: 0 | X62: 0 | Y62: 0 | Z62: 0
A63: Total | I63: =SUM(I2:I62) -> 1304

Sheet Dykes
A1: ID | B1: Dyke | C1: Class | D1: Length (m) | E1: Wet length (%) | F1: 200-year depth, mean (m) | G1: Depth, 90 % (m) | H1: Depth, max (m) | I1: Height (m) | J1: Footprint width (m) | K1: Clearing (m²) | L1: Excavation, 0.4 m strip (m³) | M1: Fill (m³) | N1: Riprap (m³)
A2: 1 | B2: HAW-D1-FP | C2: FP D | D2: 4416.1 | E2: 97 | F2: 0.95 | G2: 1.81 | H2: 3.06 | I2: 2.1 | J2: =4+3*I2+3 -> 13.3 | K2: =J2*D2 -> 58734.13 | L2: =0.4*J2*D2 -> 23493.652 | M2: =(I2*(4+1.5*I2)+0.4*J2)*D2 -> 89801.394 | N2: =(0.525+0.2)*1.803*I2*D2 -> 12122.493
A3: 2 | B3: HAW-D2-FP | C3: FP D | D3: 2519.4 | E3: 97 | F3: 0.7 | G3: 1.34 | H3: 1.88 | I3: 1.8 | J3: =4+3*I3+3 -> 12.4 | K3: =J3*D3 -> 31240.56 | L3: =0.4*J3*D3 -> 12496.224 | M3: =(I3*(4+1.5*I3)+0.4*J3)*D3 -> 42880.188 | N3: =(0.525+0.2)*1.803*I3*D3 -> 5927.9341
A4: 3 | B4: HAW-D3-FP | C4: FP D | D4: 381.5 | E4: 100 | F4: 3.37 | G4: 6.5 | H4: 7.61 | I4: 4.5 | J4: =4+3*I4+3 -> 20.5 | K4: =J4*D4 -> 7820.75 | L4: =0.4*J4*D4 -> 3128.3 | M4: =(I4*(4+1.5*I4)+0.4*J4)*D4 -> 21583.362 | N4: =(0.525+0.2)*1.803*I4*D4 -> 2244.0927
A5: 4 | B5: SHA-D1-FP | C5: FP D | D5: 2319.9 | E5: 94 | F5: 1.06 | G5: 2.29 | H5: 3.4 | I5: 2.2 | J5: =4+3*I5+3 -> 13.6 | K5: =J5*D5 -> 31550.64 | L5: =0.4*J5*D5 -> 12620.256 | M5: =(I5*(4+1.5*I5)+0.4*J5)*D5 -> 49877.85 | N5: =(0.525+0.2)*1.803*I5*D5 -> 6671.5336
A6: 5 | B6: SHA-D2-FP | C6: FP D | D6: 2466 | E6: 99 | F6: 1.05 | G6: 1.74 | H6: 3.05 | I6: 2.2 | J6: =4+3*I6+3 -> 13.6 | K6: =J6*D6 -> 33537.6 | L6: =0.4*J6*D6 -> 13415.04 | M6: =(I6*(4+1.5*I6)+0.4*J6)*D6 -> 53019 | N6: =(0.525+0.2)*1.803*I6*D6 -> 7091.6858
A7: 6 | B7: SHA-D3-FP | C7: FP D | D7: 1383.7 | E7: 92 | F7: 0.42 | G7: 0.81 | H7: 1.41 | I7: 1.6 | J7: =4+3*I7+3 -> 11.8 | K7: =J7*D7 -> 16327.66 | L7: =0.4*J7*D7 -> 6531.064 | M7: =(I7*(4+1.5*I7)+0.4*J7)*D7 -> 20700.152 | N7: =(0.525+0.2)*1.803*I7*D7 -> 2893.9809
A8: 7 | B8: SHA-D4-FP | C8: FP D | D8: 7064 | E8: 98 | F8: 0.75 | G8: 1.34 | H8: 3.31 | I8: 1.9 | J8: =4+3*I8+3 -> 12.7 | K8: =J8*D8 -> 89712.8 | L8: =0.4*J8*D8 -> 35885.12 | M8: =(I8*(4+1.5*I8)+0.4*J8)*D8 -> 127823.08 | N8: =(0.525+0.2)*1.803*I8*D8 -> 17544.38
A9: 8 | B9: SHA-D5-FP | C9: FP D | D9: 548.1 | E9: 100 | F9: 0.71 | G9: 1.07 | H9: 1.63 | I9: 1.9 | J9: =4+3*I9+3 -> 12.7 | K9: =J9*D9 -> 6960.87 | L9: =0.4*J9*D9 -> 2784.348 | M9: =(I9*(4+1.5*I9)+0.4*J9)*D9 -> 9917.8695 | N9: =(0.525+0.2)*1.803*I9*D9 -> 1361.279
A10: 9 | B10: SHA-D6-FP | C10: FP D | D10: 2131.4 | E10: 99 | F10: 0.8 | G10: 1.64 | H10: 2.48 | I10: 2 | J10: =4+3*I10+3 -> 13 | K10: =J10*D10 -> 27708.2 | L10: =0.4*J10*D10 -> 11083.28 | M10: =(I10*(4+1.5*I10)+0.4*J10)*D10 -> 40922.88 | N10: =(0.525+0.2)*1.803*I10*D10 -> 5572.2256
A11: 10 | B11: SHA-D7-FP | C11: FP D | D11: 8370.1 | E11: 99 | F11: 0.82 | G11: 1.37 | H11: 3.03 | I11: 2 | J11: =4+3*I11+3 -> 13 | K11: =J11*D11 -> 108811.3 | L11: =0.4*J11*D11 -> 43524.52 | M11: =(I11*(4+1.5*I11)+0.4*J11)*D11 -> 160705.92 | N11: =(0.525+0.2)*1.803*I11*D11 -> 21882.371
A12: 11 | B12: SHA-D8-FP | C12: FP D | D12: 838 | E12: 99 | F12: 0.67 | G12: 1.18 | H12: 2.58 | I12: 1.8 | J12: =4+3*I12+3 -> 12.4 | K12: =J12*D12 -> 10391.2 | L12: =0.4*J12*D12 -> 4156.48 | M12: =(I12*(4+1.5*I12)+0.4*J12)*D12 -> 14262.76 | N12: =(0.525+0.2)*1.803*I12*D12 -> 1971.7428
A13: 12 | B13: SHA-D9-FP | C13: FP D | D13: 1062.9 | E13: 99 | F13: 0.62 | G13: 1.1 | H13: 1.71 | I13: 1.8 | J13: =4+3*I13+3 -> 12.4 | K13: =J13*D13 -> 13179.96 | L13: =0.4*J13*D13 -> 5271.984 | M13: =(I13*(4+1.5*I13)+0.4*J13)*D13 -> 18090.558 | N13: =(0.525+0.2)*1.803*I13*D13 -> 2500.9134
... A37: 36 | B37: SAK-D6-FP | C37: FP D | D37: 424.9 | E37: 100 | F37: 1.49 | G37: 2.02 | H37: 3.31 | I37: 2.6 | J37: =4+3*I37+3 -> 14.8 | K37: =J37*D37 -> 6288.52 | L37: =0.4*J37*D37 -> 2515.408 | M37: =(I37*(4+1.5*I37)+0.4*J37)*D37 -> 11242.854 | N37: =(0.525+0.2)*1.803*I37*D37 -> 1444.0885
B38: Total | D38: =SUM(D2:D37) -> 62471.9 | K38: =SUM(K2:K37) -> 835030.22 | L38: =SUM(L2:L37) -> 334012.09 | M38: =SUM(M2:M37) -> 1301488.2 | N38: =SUM(N2:N37) -> 173299.56

Sheet Channel quantities
A1: Channel | B1: Class | C1: Reaches | D1: Length (m) | E1: Bed width, min (m) | F1: Bed width, max (m) | G1: Cut (m³) | H1: Fill (m³) | I1: Clearing (m²) | J1: Riprap area (m²) | K1: Corridor (ha) | L1: Agricultural (ha) | M1: Commercial (ha) | N1: Government (ha) | O1: Not Classified (ha) | P1: Other (ha) | Q1: Residential (ha) | R1: Residential Commercial (ha) | S1: Land in cadastral parcels (ha)
A2: HAW-CH1-FP | B2: FP | C2: 7 | D2: 8203.9 | E2: 29 | F2: 89.5 | G2: 572684 | H2: 87353 | I2: 480696 | J2: 76061 | K2: 59.62 | L2: 4.02 | M2: 0 | N2: 0.01 | O2: 0 | P2: 0 | Q2: 3.18 | R2: 0 | S2: =SUM(L2:R2) -> 7.21
A3: HAW-CH2-SS | B3: SS | C3: 8 | D3: 7721.7 | E3: 10 | F3: 54 | G3: 435720 | H3: 59850 | I3: 336312 | J3: 69611 | K3: 45.59 | L3: 3.1 | M3: 0 | N3: 0.34 | O3: 0 | P3: 0 | Q3: 7.27 | R3: 0 | S3: =SUM(L3:R3) -> 10.71
A4: HAW-CH3-SS | B4: SS | C4: 1 | D4: 1440.4 | E4: 10 | F4: 10 | G4: 44099 | H4: 3037 | I4: 35076 | J4: 12985 | K4: 5.91 | L4: 0 | M4: 0 | N4: 0 | O4: 0 | P4: 0 | Q4: 3.16 | R4: 0 | S4: =SUM(L4:R4) -> 3.16
A5: HAW-CH4-SS | B5: SS | C5: 2 | D5: 1385.3 | E5: 10 | F5: 10 | G5: 45553 | H5: 4069 | I5: 32264 | J5: 12488 | K5: 5.68 | L5: 0 | M5: 0 | N5: 0 | O5: 0 | P5: 0 | Q5: 1.42 | R5: 0 | S5: =SUM(L5:R5) -> 1.42
A6: HAW-CH5-SS | B6: SS | C6: 7 | D6: 7065.8 | E6: 10 | F6: 44.5 | G6: 370292 | H6: 56291 | I6: 277740 | J6: 63699 | K6: 38.63 | L6: 7.1 | M6: 0 | N6: 0.4 | O6: 0 | P6: 0 | Q6: 4.38 | R6: 0 | S6: =SUM(L6:R6) -> 11.88
A7: HAW-CH6-SS | B7: SS | C7: 1 | D7: 1270.2 | E7: 10 | F7: 10 | G7: 42278 | H7: 2759 | I7: 31640 | J7: 11451 | K7: 5.21 | L7: 0.13 | M7: 0 | N7: 0 | O7: 0 | P7: 0 | Q7: 0.22 | R7: 0 | S7: =SUM(L7:R7) -> 0.35
A8: HAW-CH7-SS | B8: SS | C8: 6 | D8: 6507.5 | E8: 12.5 | F8: 29 | G8: 209914 | H8: 95544 | I8: 240484 | J8: 58666 | K8: 32.05 | L8: 1.6 | M8: 0 | N8: 0.41 | O8: 0 | P8: 0 | Q8: 0.34 | R8: 0 | S8: =SUM(L8:R8) -> 2.35
A9: SHA-CH1-FP | B9: FP | C9: 12 | D9: 8044.2 | E9: 156.5 | F9: 218.5 | G9: 3647137 | H9: 34542 | I9: 1588936 | J9: 74177 | K9: 172.08 | L9: 10.21 | M9: 0 | N9: 2.75 | O9: 0 | P9: 0 | Q9: 15.27 | R9: 0.19 | S9: =SUM(L9:R9) -> 28.42
A10: SHA-CH2-SM | B10: SM | C10: 8 | D10: 11436 | E10: 83.5 | F10: 107.5 | G10: 2305908 | H10: 75612 | I10: 1245032 | J10: 103096 | K10: 142.56 | L10: 15.86 | M10: 0 | N10: 11.47 | O10: 0 | P10: 0 | Q10: 0.92 | R10: 0 | S10: =SUM(L10:R10) -> 28.25
A11: SHA-CH3-SM | B11: SM | C11: 16 | D11: 13878.4 | E11: 10 | F11: 267 | G11: 1892850 | H11: 67075 | I11: 887264 | J11: 125114 | K11: 110.15 | L11: 18.8 | M11: 0 | N11: 0.04 | O11: 0 | P11: 0 | Q11: 22.76 | R11: 0 | S11: =SUM(L11:R11) -> 41.6
A12: SHA-CH4-SM | B12: SM | C12: 10 | D12: 8276.8 | E12: 94.5 | F12: 253 | G12: 1893135 | H12: 105785 | I12: 1071788 | J12: 74616 | K12: 119 | L12: 23.93 | M12: 0 | N12: 0.65 | O12: 1.96 | P12: 0 | Q12: 22.57 | R12: 0.25 | S12: =SUM(L12:R12) -> 49.36
A13: SHA-CH5-SM | B13: SM | C13: 6 | D13: 9916.7 | E13: 20.5 | F13: 50 | G13: 543058 | H13: 225722 | I13: 497652 | J13: 89399 | K13: 62.24 | L13: 13.92 | M13: 0 | N13: 0 | O13: 0 | P13: 0 | Q13: 2.86 | R13: 0 | S13: =SUM(L13:R13) -> 16.78
... A38: SAK-CH5-SS | B38: SS | C38: 2 | D38: 2773.6 | E38: 14 | F38: 52.5 | G38: 275133 | H38: 5950 | I38: 123864 | J38: 25004 | K38: 16.66 | L38: 5.51 | M38: 0 | N38: 0.03 | O38: 0 | P38: 0 | Q38: 5.29 | R38: 0.11 | S38: =SUM(L38:R38) -> 10.94
A39: Total | C39: =SUM(C2:C38) -> 212 | D39: =SUM(D2:D38) -> 221345.4 | E39: =SUM(E2:E38) -> 1116.5 | F39: =SUM(F2:F38) -> 3084 | G39: =SUM(G2:G38) -> 34865563 | H39: =SUM(H2:H38) -> 1754305 | I39: =SUM(I2:I38) -> 17519052 | J39: =SUM(J2:J38) -> 1999197 | ... S39: =SUM(S2:S38) -> 542.78

Sheet Land take by class
A1: Land use (cadastre) | B1: Area in the corridors (ha)
A2: Agricultural | B2: ='Channel quantities'!L39 -> 290.32
A3: Commercial | B3: ='Channel quantities'!M39 -> 4.56
A4: Government | B4: ='Channel quantities'!N39 -> 32.71
A5: Not Classified | B5: ='Channel quantities'!O39 -> 3.39
A6: Other | B6: ='Channel quantities'!P39 -> 17.78
A7: Residential | B7: ='Channel quantities'!Q39 -> 191.68
A8: Residential Commercial | B8: ='Channel quantities'!R39 -> 2.34
A9: Total | B9: =SUM(B2:B8) -> 542.78
