Workbook

Sheet Summary
A1: Block 04 - bill of quantities and cost estimate of the channel scheme (200-year design)
A2: Item | B2: Quantity | C2: Unit | D2: Cost (OMR) | E2: Cost (million OMR)
A3: Channels - clearing and grubbing | B3: =Channels!D39 -> 17519052 | C3: m² | D3: =Channels!I39 -> 5255715.6 | E3: =D3/1000000 -> 5.2557156
A4: Channels - excavation | B4: =Channels!E39 -> 34865563 | C4: m³ | D4: =Channels!J39 -> 73217682 | E4: =D4/1000000 -> 73.217682
A5: Channels - fill | B5: =Channels!F39 -> 1754305 | C5: m³ | D5: =Channels!K39 -> 7017220 | E5: =D5/1000000 -> 7.01722
A6: Channels - riprap | B6: =Channels!H39 -> 599759.1 | C6: m³ | D6: =Channels!L39 -> 7916820.1 | E6: =D6/1000000 -> 7.9168201
A7: Channels - construction | B7: =Channels!C39 -> 221345.4 | C7: m | D7: =Channels!M39 -> 93407438 | E7: =D7/1000000 -> 93.407438
A8: Channels - land of the corridors (expropriation) | B8: =Channels!N39 -> 2092.63 | C8: ha | D8: =Channels!U39 -> 1.6779685e+08 | E8: =D8/1000000 -> 167.79685
A9: Dykes | B9: =Dykes!C38 -> 62471.9 | C9: m | D9: =Dykes!M38 -> 8445435.5 | E9: =D9/1000000 -> 8.4454355
A10: Culverts | B10: =Culverts!E63 -> 1304 | C10: cells | D10: =Culverts!AM63 -> 30731618 | E10: =D10/1000000 -> 30.731618
A11: Total | D11: =D8+D9+D10+D7 -> 3.0038134e+08 | E11: =D11/1000000 -> 300.38134
A13: The total is the construction of the channels, the land of their corridors, the dykes and the culverts. Quantities: channels measured on the designed sections against the 0.5 m terrain model; dykes on the typical fill section at the adopted height; culverts by the concrete, reinforcement, blinding, waterproofing and road works over them. Rates: sheet Rates (master plan estimate).

Sheet Rates
A1: Code | B1: Item | C1: Unit | D1: Rate (OMR)
A2: clear | B2: Clearing and grubbing | C2: m² | D2: 0.3
A3: exc | B3: Excavation | C3: m³ | D3: 2.1
A4: fill | B4: Embankment and dyke fill | C4: m³ | D4: 4
A5: riprap | B5: Riprap 0.3 m over geotextile | C5: m³ | D5: 13.2
A6: conc | B6: Reinforced concrete of the culverts | C6: m³ | D6: 106.9
A7: rebar | B7: Reinforcement (120 kg/m³) | C7: t | D7: 417.1
A8: blind | B8: Blinding concrete | C8: m³ | D8: 45
A9: wp | B9: Waterproofing | C9: m² | D9: 2
A10: abc | B10: Aggregate base course | C10: m³ | D10: 6.5
A11: bbc | B11: Bituminous base course | C11: m³ | D11: 45
A12: wbc | B12: Wearing course | C12: m³ | D12: 47
A13: pc | B13: Prime coat | C13: m² | D13: 0.45
... A19: removal | B19: Removal of the existing structure | C19: m³ | D19: 4
A21: Land | B21: Expropriation rate by land use of the cadastre (master plan)
A22: Agricultural | B22: Agricultural land | C22: OMR/ha | D22: 50189
A23: Commercial | B23: Commercial land | C23: OMR/ha | D23: 1486900
A24: Industrial | B24: Industrial land | C24: OMR/ha | D24: 1500000
A25: Residential | B25: Residential land | C25: OMR/ha | D25: 754797
A26: Roads | B26: Roads land | C26: OMR/ha | D26: 330061
B27: Government, planned and vacant land | C27: OMR/ha | D27: 0
B29: Blue on yellow: the unit rates (master plan estimate); change them here and every cost follows.

Sheet Channels
A1: Channel | B1: Class | C1: Length (m) | D1: Clearing (m²) | E1: Excavation (m³) | F1: Fill (m³) | G1: Riprap area (m²) | H1: Riprap volume 0.3 m (m³) | I1: Clearing cost (OMR) | J1: Excavation cost (OMR) | K1: Fill cost (OMR) | L1: Riprap cost (OMR) | M1: Construction cost (OMR) | N1: Corridor (ha) | O1: Agricultural land (ha) | P1: Commercial land (ha) | Q1: Industrial land (ha) | R1: Residential land (ha) | S1: Roads land (ha) | T1: Other land, no cost (ha) | U1: Land cost (OMR) | V1: Channel cost (OMR)
A2: HAW-CH1-FP | B2: FP | C2: 8203.9 | D2: 480696 | E2: 572684 | F2: 87353 | G2: 76061 | H2: =G2*0.3 -> 22818.3 | I2: =D2*Rates!$D$2 -> 144208.8 | J2: =E2*Rates!$D$3 -> 1202636.4 | K2: =F2*Rates!$D$4 -> 349412 | L2: =H2*Rates!$D$5 -> 301201.56 | M2: =SUM(I2:L2) -> 1997458.8 | N2: 59.62 | O2: 4.02 | P2: 0 | Q2: 0 | R2: 3.18 | S2: 0 | T2: 0.01 | U2: =O2*Rates!$D$22+P2*Rates!$D$23+Q2*Rates!$D$24+R2*Rates!$D$25+S2*Rates!$D$26 -> 2602014.2 | V2: =M2+U2 -> 4599473
A3: HAW-CH2-SS | B3: SS | C3: 7721.7 | D3: 336312 | E3: 435720 | F3: 59850 | G3: 69611 | H3: =G3*0.3 -> 20883.3 | I3: =D3*Rates!$D$2 -> 100893.6 | J3: =E3*Rates!$D$3 -> 915012 | K3: =F3*Rates!$D$4 -> 239400 | L3: =H3*Rates!$D$5 -> 275659.56 | M3: =SUM(I3:L3) -> 1530965.2 | N3: 45.59 | O3: 3.1 | P3: 0 | Q3: 0 | R3: 7.27 | S3: 0 | T3: 0.34 | U3: =O3*Rates!$D$22+P3*Rates!$D$23+Q3*Rates!$D$24+R3*Rates!$D$25+S3*Rates!$D$26 -> 5642960.1 | V3: =M3+U3 -> 7173925.2
A4: HAW-CH3-SS | B4: SS | C4: 1440.4 | D4: 35076 | E4: 44099 | F4: 3037 | G4: 12985 | H4: =G4*0.3 -> 3895.5 | I4: =D4*Rates!$D$2 -> 10522.8 | J4: =E4*Rates!$D$3 -> 92607.9 | K4: =F4*Rates!$D$4 -> 12148 | L4: =H4*Rates!$D$5 -> 51420.6 | M4: =SUM(I4:L4) -> 166699.3 | N4: 5.91 | O4: 0 | P4: 0 | Q4: 0 | R4: 3.16 | S4: 0 | T4: 0 | U4: =O4*Rates!$D$22+P4*Rates!$D$23+Q4*Rates!$D$24+R4*Rates!$D$25+S4*Rates!$D$26 -> 2385158.5 | V4: =M4+U4 -> 2551857.8
A5: HAW-CH4-SS | B5: SS | C5: 1385.3 | D5: 32264 | E5: 45553 | F5: 4069 | G5: 12488 | H5: =G5*0.3 -> 3746.4 | I5: =D5*Rates!$D$2 -> 9679.2 | J5: =E5*Rates!$D$3 -> 95661.3 | K5: =F5*Rates!$D$4 -> 16276 | L5: =H5*Rates!$D$5 -> 49452.48 | M5: =SUM(I5:L5) -> 171068.98 | N5: 5.68 | O5: 0 | P5: 0 | Q5: 0 | R5: 1.42 | S5: 0 | T5: 0 | U5: =O5*Rates!$D$22+P5*Rates!$D$23+Q5*Rates!$D$24+R5*Rates!$D$25+S5*Rates!$D$26 -> 1071811.7 | V5: =M5+U5 -> 1242880.7
A6: HAW-CH5-SS | B6: SS | C6: 7065.8 | D6: 277740 | E6: 370292 | F6: 56291 | G6: 63699 | H6: =G6*0.3 -> 19109.7 | I6: =D6*Rates!$D$2 -> 83322 | J6: =E6*Rates!$D$3 -> 777613.2 | K6: =F6*Rates!$D$4 -> 225164 | L6: =H6*Rates!$D$5 -> 252248.04 | M6: =SUM(I6:L6) -> 1338347.2 | N6: 38.63 | O6: 7.1 | P6: 0 | Q6: 0 | R6: 4.38 | S6: 0 | T6: 0.4 | U6: =O6*Rates!$D$22+P6*Rates!$D$23+Q6*Rates!$D$24+R6*Rates!$D$25+S6*Rates!$D$26 -> 3662352.8 | V6: =M6+U6 -> 5000700
A7: HAW-CH6-SS | B7: SS | C7: 1270.2 | D7: 31640 | E7: 42278 | F7: 2759 | G7: 11451 | H7: =G7*0.3 -> 3435.3 | I7: =D7*Rates!$D$2 -> 9492 | J7: =E7*Rates!$D$3 -> 88783.8 | K7: =F7*Rates!$D$4 -> 11036 | L7: =H7*Rates!$D$5 -> 45345.96 | M7: =SUM(I7:L7) -> 154657.76 | N7: 5.21 | O7: 0.13 | P7: 0 | Q7: 0 | R7: 0.22 | S7: 0 | T7: 0 | U7: =O7*Rates!$D$22+P7*Rates!$D$23+Q7*Rates!$D$24+R7*Rates!$D$25+S7*Rates!$D$26 -> 172579.91 | V7: =M7+U7 -> 327237.67
A8: HAW-CH7-SS | B8: SS | C8: 6507.5 | D8: 240484 | E8: 209914 | F8: 95544 | G8: 58666 | H8: =G8*0.3 -> 17599.8 | I8: =D8*Rates!$D$2 -> 72145.2 | J8: =E8*Rates!$D$3 -> 440819.4 | K8: =F8*Rates!$D$4 -> 382176 | L8: =H8*Rates!$D$5 -> 232317.36 | M8: =SUM(I8:L8) -> 1127458 | N8: 32.05 | O8: 1.6 | P8: 0 | Q8: 0 | R8: 0.34 | S8: 0 | T8: 0.41 | U8: =O8*Rates!$D$22+P8*Rates!$D$23+Q8*Rates!$D$24+R8*Rates!$D$25+S8*Rates!$D$26 -> 336933.38 | V8: =M8+U8 -> 1464391.3
A9: SHA-CH1-FP | B9: FP | C9: 8044.2 | D9: 1588936 | E9: 3647137 | F9: 34542 | G9: 74177 | H9: =G9*0.3 -> 22253.1 | I9: =D9*Rates!$D$2 -> 476680.8 | J9: =E9*Rates!$D$3 -> 7658987.7 | K9: =F9*Rates!$D$4 -> 138168 | L9: =H9*Rates!$D$5 -> 293740.92 | M9: =SUM(I9:L9) -> 8567577.4 | N9: 172.08 | O9: 10.21 | P9: 0 | Q9: 0 | R9: 15.46 | S9: 0 | T9: 2.75 | U9: =O9*Rates!$D$22+P9*Rates!$D$23+Q9*Rates!$D$24+R9*Rates!$D$25+S9*Rates!$D$26 -> 12181591 | V9: =M9+U9 -> 20749169
A10: SHA-CH2-SM | B10: SM | C10: 11436 | D10: 1245032 | E10: 2305908 | F10: 75612 | G10: 103096 | H10: =G10*0.3 -> 30928.8 | I10: =D10*Rates!$D$2 -> 373509.6 | J10: =E10*Rates!$D$3 -> 4842406.8 | K10: =F10*Rates!$D$4 -> 302448 | L10: =H10*Rates!$D$5 -> 408260.16 | M10: =SUM(I10:L10) -> 5926624.6 | N10: 142.56 | O10: 15.86 | P10: 0 | Q10: 0 | R10: 0.92 | S10: 0 | T10: 11.47 | U10: =O10*Rates!$D$22+P10*Rates!$D$23+Q10*Rates!$D$24+R10*Rates!$D$25+S10*Rates!$D$26 -> 1490410.8 | V10: =M10+U10 -> 7417035.3
A11: SHA-CH3-SM | B11: SM | C11: 13878.4 | D11: 887264 | E11: 1892850 | F11: 67075 | G11: 125114 | H11: =G11*0.3 -> 37534.2 | I11: =D11*Rates!$D$2 -> 266179.2 | J11: =E11*Rates!$D$3 -> 3974985 | K11: =F11*Rates!$D$4 -> 268300 | L11: =H11*Rates!$D$5 -> 495451.44 | M11: =SUM(I11:L11) -> 5004915.6 | N11: 110.15 | O11: 18.8 | P11: 0 | Q11: 0 | R11: 22.76 | S11: 0 | T11: 0.04 | U11: =O11*Rates!$D$22+P11*Rates!$D$23+Q11*Rates!$D$24+R11*Rates!$D$25+S11*Rates!$D$26 -> 18122733 | V11: =M11+U11 -> 23127649
A12: SHA-CH4-SM | B12: SM | C12: 8276.8 | D12: 1071788 | E12: 1893135 | F12: 105785 | G12: 74616 | H12: =G12*0.3 -> 22384.8 | I12: =D12*Rates!$D$2 -> 321536.4 | J12: =E12*Rates!$D$3 -> 3975583.5 | K12: =F12*Rates!$D$4 -> 423140 | L12: =H12*Rates!$D$5 -> 295479.36 | M12: =SUM(I12:L12) -> 5015739.3 | N12: 119 | O12: 23.93 | P12: 0 | Q12: 0 | R12: 22.82 | S12: 0 | T12: 2.61 | U12: =O12*Rates!$D$22+P12*Rates!$D$23+Q12*Rates!$D$24+R12*Rates!$D$25+S12*Rates!$D$26 -> 18425490 | V12: =M12+U12 -> 23441230
A13: SHA-CH5-SM | B13: SM | C13: 9916.7 | D13: 497652 | E13: 543058 | F13: 225722 | G13: 89399 | H13: =G13*0.3 -> 26819.7 | I13: =D13*Rates!$D$2 -> 149295.6 | J13: =E13*Rates!$D$3 -> 1140421.8 | K13: =F13*Rates!$D$4 -> 902888 | L13: =H13*Rates!$D$5 -> 354020.04 | M13: =SUM(I13:L13) -> 2546625.4 | N13: 62.24 | O13: 13.92 | P13: 0 | Q13: 0 | R13: 2.86 | S13: 0 | T13: 0 | U13: =O13*Rates!$D$22+P13*Rates!$D$23+Q13*Rates!$D$24+R13*Rates!$D$25+S13*Rates!$D$26 -> 2857350.3 | V13: =M13+U13 -> 5403975.7
... A38: SAK-CH5-SS | B38: SS | C38: 2773.6 | D38: 123864 | E38: 275133 | F38: 5950 | G38: 25004 | H38: =G38*0.3 -> 7501.2 | I38: =D38*Rates!$D$2 -> 37159.2 | J38: =E38*Rates!$D$3 -> 577779.3 | K38: =F38*Rates!$D$4 -> 23800 | L38: =H38*Rates!$D$5 -> 99015.84 | M38: =SUM(I38:L38) -> 737754.34 | N38: 16.66 | O38: 5.51 | P38: 0 | Q38: 0 | R38: 5.4 | S38: 0 | T38: 0.03 | U38: =O38*Rates!$D$22+P38*Rates!$D$23+Q38*Rates!$D$24+R38*Rates!$D$25+S38*Rates!$D$26 -> 4352445.2 | V38: =M38+U38 -> 5090199.5
A39: Total | C39: =SUM(C2:C38) -> 221345.4 | D39: =SUM(D2:D38) -> 17519052 | E39: =SUM(E2:E38) -> 34865563 | F39: =SUM(F2:F38) -> 1754305 | G39: =SUM(G2:G38) -> 1999197 | H39: =SUM(H2:H38) -> 599759.1 | I39: =SUM(I2:I38) -> 5255715.6 | J39: =SUM(J2:J38) -> 73217682 | ... V39: =SUM(V2:V38) -> 2.6120429e+08

Sheet Dykes
A1: Dyke | B1: Class | C1: Length (m) | D1: Height (m) | E1: Clearing (m²) | F1: Excavation (m³) | G1: Fill (m³) | H1: Riprap volume (m³) | I1: Clearing cost (OMR) | J1: Excavation cost (OMR) | K1: Fill cost (OMR) | L1: Riprap cost (OMR) | M1: Dyke cost (OMR)
A2: HAW-D1-FP | B2: FP D | C2: 4416.1 | D2: 2.1 | E2: 58734 | F2: 23494 | G2: 89801 | H2: 12122 | I2: =E2*Rates!$D$2 -> 17620.2 | J2: =F2*Rates!$D$3 -> 49337.4 | K2: =G2*Rates!$D$4 -> 359204 | L2: =H2*Rates!$D$5 -> 160010.4 | M2: =SUM(I2:L2) -> 586172
A3: HAW-D2-FP | B3: FP D | C3: 2519.4 | D3: 1.8 | E3: 31241 | F3: 12496 | G3: 42880 | H3: 5928 | I3: =E3*Rates!$D$2 -> 9372.3 | J3: =F3*Rates!$D$3 -> 26241.6 | K3: =G3*Rates!$D$4 -> 171520 | L3: =H3*Rates!$D$5 -> 78249.6 | M3: =SUM(I3:L3) -> 285383.5
A4: HAW-D3-FP | B4: FP D | C4: 381.5 | D4: 4.5 | E4: 7820 | F4: 3128 | G4: 21582 | H4: 2244 | I4: =E4*Rates!$D$2 -> 2346 | J4: =F4*Rates!$D$3 -> 6568.8 | K4: =G4*Rates!$D$4 -> 86328 | L4: =H4*Rates!$D$5 -> 29620.8 | M4: =SUM(I4:L4) -> 124863.6
A5: SHA-D1-FP | B5: FP D | C5: 2319.9 | D5: 2.2 | E5: 31550 | F5: 12620 | G5: 49877 | H5: 6671 | I5: =E5*Rates!$D$2 -> 9465 | J5: =F5*Rates!$D$3 -> 26502 | K5: =G5*Rates!$D$4 -> 199508 | L5: =H5*Rates!$D$5 -> 88057.2 | M5: =SUM(I5:L5) -> 323532.2
A6: SHA-D2-FP | B6: FP D | C6: 2466 | D6: 2.2 | E6: 33537 | F6: 13415 | G6: 53018 | H6: 7092 | I6: =E6*Rates!$D$2 -> 10061.1 | J6: =F6*Rates!$D$3 -> 28171.5 | K6: =G6*Rates!$D$4 -> 212072 | L6: =H6*Rates!$D$5 -> 93614.4 | M6: =SUM(I6:L6) -> 343919
A7: SHA-D3-FP | B7: FP D | C7: 1383.7 | D7: 1.6 | E7: 16328 | F7: 6531 | G7: 20700 | H7: 2894 | I7: =E7*Rates!$D$2 -> 4898.4 | J7: =F7*Rates!$D$3 -> 13715.1 | K7: =G7*Rates!$D$4 -> 82800 | L7: =H7*Rates!$D$5 -> 38200.8 | M7: =SUM(I7:L7) -> 139614.3
A8: SHA-D4-FP | B8: FP D | C8: 7064 | D8: 1.9 | E8: 89712 | F8: 35885 | G8: 127823 | H8: 17544 | I8: =E8*Rates!$D$2 -> 26913.6 | J8: =F8*Rates!$D$3 -> 75358.5 | K8: =G8*Rates!$D$4 -> 511292 | L8: =H8*Rates!$D$5 -> 231580.8 | M8: =SUM(I8:L8) -> 845144.9
A9: SHA-D5-FP | B9: FP D | C9: 548.1 | D9: 1.9 | E9: 6961 | F9: 2784 | G9: 9918 | H9: 1361 | I9: =E9*Rates!$D$2 -> 2088.3 | J9: =F9*Rates!$D$3 -> 5846.4 | K9: =G9*Rates!$D$4 -> 39672 | L9: =H9*Rates!$D$5 -> 17965.2 | M9: =SUM(I9:L9) -> 65571.9
A10: SHA-D6-FP | B10: FP D | C10: 2131.4 | D10: 2 | E10: 27708 | F10: 11083 | G10: 40923 | H10: 5572 | I10: =E10*Rates!$D$2 -> 8312.4 | J10: =F10*Rates!$D$3 -> 23274.3 | K10: =G10*Rates!$D$4 -> 163692 | L10: =H10*Rates!$D$5 -> 73550.4 | M10: =SUM(I10:L10) -> 268829.1
A11: SHA-D7-FP | B11: FP D | C11: 8370.1 | D11: 2 | E11: 108812 | F11: 43525 | G11: 160706 | H11: 21882 | I11: =E11*Rates!$D$2 -> 32643.6 | J11: =F11*Rates!$D$3 -> 91402.5 | K11: =G11*Rates!$D$4 -> 642824 | L11: =H11*Rates!$D$5 -> 288842.4 | M11: =SUM(I11:L11) -> 1055712.5
A12: SHA-D8-FP | B12: FP D | C12: 838 | D12: 1.8 | E12: 10392 | F12: 4157 | G12: 14263 | H12: 1972 | I12: =E12*Rates!$D$2 -> 3117.6 | J12: =F12*Rates!$D$3 -> 8729.7 | K12: =G12*Rates!$D$4 -> 57052 | L12: =H12*Rates!$D$5 -> 26030.4 | M12: =SUM(I12:L12) -> 94929.7
A13: SHA-D9-FP | B13: FP D | C13: 1062.9 | D13: 1.8 | E13: 13180 | F13: 5272 | G13: 18091 | H13: 2501 | I13: =E13*Rates!$D$2 -> 3954 | J13: =F13*Rates!$D$3 -> 11071.2 | K13: =G13*Rates!$D$4 -> 72364 | L13: =H13*Rates!$D$5 -> 33013.2 | M13: =SUM(I13:L13) -> 120402.4
... A37: SAK-D6-FP | B37: FP D | C37: 424.9 | D37: 2.6 | E37: 6289 | F37: 2515 | G37: 11243 | H37: 1444 | I37: =E37*Rates!$D$2 -> 1886.7 | J37: =F37*Rates!$D$3 -> 5281.5 | K37: =G37*Rates!$D$4 -> 44972 | L37: =H37*Rates!$D$5 -> 19060.8 | M37: =SUM(I37:L37) -> 71201
A38: Total | C38: =SUM(C2:C37) -> 62471.9 | D38: =SUM(D2:D37) -> 82.2 | E38: =SUM(E2:E37) -> 835032 | F38: =SUM(F2:F37) -> 334011 | G38: =SUM(G2:G37) -> 1301489 | H38: =SUM(H2:H37) -> 173299 | I38: =SUM(I2:I37) -> 250509.6 | J38: =SUM(J2:J37) -> 701423.1 | ... M38: =SUM(M2:M37) -> 8445435.5

Sheet Culverts
A1: ID | B1: Road | C1: Channel | D1: Reach | E1: Cells | F1: Cell width (m) | G1: Cell height (m) | H1: Overall width G (m) | I1: Length L (m) | J1: Concrete (m³) | K1: Reinforcement (t) | L1: Blinding (m³) | M1: Waterproofing (m²) | N1: Pavement area (m²) | O1: Aggregate base (m³) | P1: Bituminous base (m³) | Q1: Wearing course (m³) | R1: Prime coat (m²) | S1: Tack coat (m²) | T1: Marking (m²) | U1: Guardrail (m) | V1: Posts (no.) | W1: Compaction (m²) | X1: Removal of existing (m³) | Y1: Concrete cost | Z1: Reinforcement cost | AA1: Blinding cost | AB1: Waterproofing cost | AC1: Aggregate base cost | AD1: Bituminous base cost | AE1: Wearing course cost | AF1: Prime coat cost | AG1: Tack coat cost | AH1: Marking cost | AI1: Guardrail cost | AJ1: Posts cost | AK1: Compaction cost | AL1: Removal cost | AM1: Culvert cost (OMR)
A2: 1 | B2: Batinah Coastal Road | C2: HAW-CH1-FP | D2: HAWCH1-C7 | E2: 23 | F2: 4 | G2: 3 | H2: 98 | I2: 32 | J2: 2454.4 | K2: =0.12*J2 -> 294.528 | L2: 345 | M2: 320 | N2: 3449.6 | O2: 345 | P2: 172.5 | Q2: 172.5 | R2: 3449.6 | S2: 6899.2 | T2: 10.78 | U2: 215.6 | V2: 54 | W2: 3773 | X2: 0 | Y2: =J2*Rates!$D$6 -> 262375.36 | Z2: =K2*Rates!$D$7 -> 122847.63 | AA2: =L2*Rates!$D$8 -> 15525 | AB2: =M2*Rates!$D$9 -> 640 | AC2: =O2*Rates!$D$10 -> 2242.5 | AD2: =P2*Rates!$D$11 -> 7762.5 | AE2: =Q2*Rates!$D$12 -> 8107.5 | AF2: =R2*Rates!$D$13 -> 1552.32 | AG2: =S2*Rates!$D$14 -> 2414.72 | AH2: =T2*Rates!$D$15 -> 43.12 | AI2: =U2*Rates!$D$16 -> 11426.8 | AJ2: =V2*Rates!$D$17 -> 162 | AK2: =W2*Rates!$D$18 -> 754.6 | AL2: =X2*Rates!$D$19 -> 0 | AM2: =SUM(Y2:AL2) -> 435854.05
A3: 2 | B3: Batinah Highway | C3: HAW-CH1-FP | D3: HAWCH1-C5 | E3: 16 | F3: 4 | G3: 2.5 | H3: 68.25 | I3: 45 | J3: 2322 | K3: =0.12*J3 -> 278.64 | L3: 337.8 | M3: 405 | N3: 3378.4 | O3: 337.8 | P3: 168.9 | Q3: 168.9 | R3: 3378.4 | S3: 6756.8 | T3: 7.51 | U3: 150.2 | V3: 38 | W3: 3603.6 | X3: 10135.1 | Y3: =J3*Rates!$D$6 -> 248221.8 | Z3: =K3*Rates!$D$7 -> 116220.74 | AA3: =L3*Rates!$D$8 -> 15201 | AB3: =M3*Rates!$D$9 -> 810 | AC3: =O3*Rates!$D$10 -> 2195.7 | AD3: =P3*Rates!$D$11 -> 7600.5 | AE3: =Q3*Rates!$D$12 -> 7938.3 | AF3: =R3*Rates!$D$13 -> 1520.28 | AG3: =S3*Rates!$D$14 -> 2364.88 | AH3: =T3*Rates!$D$15 -> 30.04 | AI3: =U3*Rates!$D$16 -> 7960.6 | AJ3: =V3*Rates!$D$17 -> 114 | AK3: =W3*Rates!$D$18 -> 720.72 | AL3: =X3*Rates!$D$19 -> 40540.4 | AM3: =SUM(Y3:AL3) -> 451438.96
A4: 3 | B4: North Batinah Bypass | C4: HAW-CH1-FP | D4: HAWCH1-C2 | E4: 8 | F4: 4 | G4: 2.5 | H4: 34.25 | I4: 45 | J4: 1179 | K4: =0.12*J4 -> 141.48 | L4: 169.5 | M4: 405 | N4: 1695.4 | O4: 169.5 | P4: 84.8 | Q4: 84.8 | R4: 1695.4 | S4: 3390.8 | T4: 3.77 | U4: 75.4 | V4: 19 | W4: 1808.4 | X4: 0 | Y4: =J4*Rates!$D$6 -> 126035.1 | Z4: =K4*Rates!$D$7 -> 59011.308 | AA4: =L4*Rates!$D$8 -> 7627.5 | AB4: =M4*Rates!$D$9 -> 810 | AC4: =O4*Rates!$D$10 -> 1101.75 | AD4: =P4*Rates!$D$11 -> 3816 | AE4: =Q4*Rates!$D$12 -> 3985.6 | AF4: =R4*Rates!$D$13 -> 762.93 | AG4: =S4*Rates!$D$14 -> 1186.78 | AH4: =T4*Rates!$D$15 -> 15.08 | AI4: =U4*Rates!$D$16 -> 3996.2 | AJ4: =V4*Rates!$D$17 -> 57 | AK4: =W4*Rates!$D$18 -> 361.68 | AL4: =X4*Rates!$D$19 -> 0 | AM4: =SUM(Y4:AL4) -> 208766.93
A5: 4 | B5: Batinah Highway | C5: HAW-CH2-SS | D5: HAWCH2-C7 | E5: 14 | F5: 4 | G5: 2.5 | H5: 59.75 | I5: 45 | J5: 2036.3 | K5: =0.12*J5 -> 244.356 | L5: 295.8 | M5: 405 | N5: 2957.6 | O5: 295.8 | P5: 147.9 | Q5: 147.9 | R5: 2957.6 | S5: 5915.3 | T5: 6.57 | U5: 131.5 | V5: 33 | W5: 3154.8 | X5: 8872.9 | Y5: =J5*Rates!$D$6 -> 217680.47 | Z5: =K5*Rates!$D$7 -> 101920.89 | AA5: =L5*Rates!$D$8 -> 13311 | AB5: =M5*Rates!$D$9 -> 810 | AC5: =O5*Rates!$D$10 -> 1922.7 | AD5: =P5*Rates!$D$11 -> 6655.5 | AE5: =Q5*Rates!$D$12 -> 6951.3 | AF5: =R5*Rates!$D$13 -> 1330.92 | AG5: =S5*Rates!$D$14 -> 2070.355 | AH5: =T5*Rates!$D$15 -> 26.28 | AI5: =U5*Rates!$D$16 -> 6969.5 | AJ5: =V5*Rates!$D$17 -> 99 | AK5: =W5*Rates!$D$18 -> 630.96 | AL5: =X5*Rates!$D$19 -> 35491.6 | AM5: =SUM(Y5:AL5) -> 395870.47
A6: 5 | B6: North Batinah Bypass | C6: HAW-CH2-SS | D6: HAWCH2-C3 | E6: 8 | F6: 4 | G6: 2.5 | H6: 34.25 | I6: 45 | J6: 1179 | K6: =0.12*J6 -> 141.48 | L6: 169.5 | M6: 405 | N6: 1695.4 | O6: 169.5 | P6: 84.8 | Q6: 84.8 | R6: 1695.4 | S6: 3390.8 | T6: 3.77 | U6: 75.4 | V6: 19 | W6: 1808.4 | X6: 0 | Y6: =J6*Rates!$D$6 -> 126035.1 | Z6: =K6*Rates!$D$7 -> 59011.308 | AA6: =L6*Rates!$D$8 -> 7627.5 | AB6: =M6*Rates!$D$9 -> 810 | AC6: =O6*Rates!$D$10 -> 1101.75 | AD6: =P6*Rates!$D$11 -> 3816 | AE6: =Q6*Rates!$D$12 -> 3985.6 | AF6: =R6*Rates!$D$13 -> 762.93 | AG6: =S6*Rates!$D$14 -> 1186.78 | AH6: =T6*Rates!$D$15 -> 15.08 | AI6: =U6*Rates!$D$16 -> 3996.2 | AJ6: =V6*Rates!$D$17 -> 57 | AK6: =W6*Rates!$D$18 -> 361.68 | AL6: =X6*Rates!$D$19 -> 0 | AM6: =SUM(Y6:AL6) -> 208766.93
A7: 6 | B7: Batinah Highway | C7: HAW-CH5-SS | D7: HAWCH5-C7 | E7: 12 | F7: 4 | G7: 2.5 | H7: 51.25 | I7: 45 | J7: 1750.5 | K7: =0.12*J7 -> 210.06 | L7: 253.7 | M7: 405 | N7: 2536.9 | O7: 253.7 | P7: 126.8 | Q7: 126.8 | R7: 2536.9 | S7: 5073.8 | T7: 5.64 | U7: 112.8 | V7: 29 | W7: 2706 | X7: 0 | Y7: =J7*Rates!$D$6 -> 187128.45 | Z7: =K7*Rates!$D$7 -> 87616.026 | AA7: =L7*Rates!$D$8 -> 11416.5 | AB7: =M7*Rates!$D$9 -> 810 | AC7: =O7*Rates!$D$10 -> 1649.05 | AD7: =P7*Rates!$D$11 -> 5706 | AE7: =Q7*Rates!$D$12 -> 5959.6 | AF7: =R7*Rates!$D$13 -> 1141.605 | AG7: =S7*Rates!$D$14 -> 1775.83 | AH7: =T7*Rates!$D$15 -> 22.56 | AI7: =U7*Rates!$D$16 -> 5978.4 | AJ7: =V7*Rates!$D$17 -> 87 | AK7: =W7*Rates!$D$18 -> 541.2 | AL7: =X7*Rates!$D$19 -> 0 | AM7: =SUM(Y7:AL7) -> 309832.22
A8: 7 | B8: North Batinah Bypass | C8: HAW-CH5-SS | D8: HAWCH5-C3 | E8: 6 | F8: 4 | G8: 2.5 | H8: 25.75 | I8: 45 | J8: 893.3 | K8: =0.12*J8 -> 107.196 | L8: 127.5 | M8: 405 | N8: 1274.6 | O8: 127.5 | P8: 63.7 | Q8: 63.7 | R8: 1274.6 | S8: 2549.2 | T8: 2.83 | U8: 56.7 | V8: 15 | W8: 1359.6 | X8: 0 | Y8: =J8*Rates!$D$6 -> 95493.77 | Z8: =K8*Rates!$D$7 -> 44711.452 | AA8: =L8*Rates!$D$8 -> 5737.5 | AB8: =M8*Rates!$D$9 -> 810 | AC8: =O8*Rates!$D$10 -> 828.75 | AD8: =P8*Rates!$D$11 -> 2866.5 | AE8: =Q8*Rates!$D$12 -> 2993.9 | AF8: =R8*Rates!$D$13 -> 573.57 | AG8: =S8*Rates!$D$14 -> 892.22 | AH8: =T8*Rates!$D$15 -> 11.32 | AI8: =U8*Rates!$D$16 -> 3005.1 | AJ8: =V8*Rates!$D$17 -> 45 | AK8: =W8*Rates!$D$18 -> 271.92 | AL8: =X8*Rates!$D$19 -> 0 | AM8: =SUM(Y8:AL8) -> 158241
A9: 8 | B9: Batinah Coastal Road | C9: HAW-CH7-SS | D9: HAWCH7-C6 | E9: 8 | F9: 4 | G9: 2.5 | H9: 34.25 | I9: 32 | J9: 838.4 | K9: =0.12*J9 -> 100.608 | L9: 120.6 | M9: 288 | N9: 1205.6 | O9: 120.6 | P9: 60.3 | Q9: 60.3 | R9: 1205.6 | S9: 2411.2 | T9: 3.77 | U9: 75.4 | V9: 19 | W9: 1318.6 | X9: 0 | Y9: =J9*Rates!$D$6 -> 89624.96 | Z9: =K9*Rates!$D$7 -> 41963.597 | AA9: =L9*Rates!$D$8 -> 5427 | AB9: =M9*Rates!$D$9 -> 576 | AC9: =O9*Rates!$D$10 -> 783.9 | AD9: =P9*Rates!$D$11 -> 2713.5 | AE9: =Q9*Rates!$D$12 -> 2834.1 | AF9: =R9*Rates!$D$13 -> 542.52 | AG9: =S9*Rates!$D$14 -> 843.92 | AH9: =T9*Rates!$D$15 -> 15.08 | AI9: =U9*Rates!$D$16 -> 3996.2 | AJ9: =V9*Rates!$D$17 -> 57 | AK9: =W9*Rates!$D$18 -> 263.72 | AL9: =X9*Rates!$D$19 -> 0 | AM9: =SUM(Y9:AL9) -> 149641.5
A10: 9 | B10: Batinah Highway | C10: HAW-CH7-SS | D10: HAWCH7-C5 | E10: 5 | F10: 4 | G10: 2.5 | H10: 21.5 | I10: 45 | J10: 750.4 | K10: =0.12*J10 -> 90.048 | L10: 106.4 | M10: 405 | N10: 1064.2 | O10: 106.4 | P10: 53.2 | Q10: 53.2 | R10: 1064.2 | S10: 2128.5 | T10: 2.37 | U10: 47.3 | V10: 12 | W10: 1135.2 | X10: 0 | Y10: =J10*Rates!$D$6 -> 80217.76 | Z10: =K10*Rates!$D$7 -> 37559.021 | AA10: =L10*Rates!$D$8 -> 4788 | AB10: =M10*Rates!$D$9 -> 810 | AC10: =O10*Rates!$D$10 -> 691.6 | AD10: =P10*Rates!$D$11 -> 2394 | AE10: =Q10*Rates!$D$12 -> 2500.4 | AF10: =R10*Rates!$D$13 -> 478.89 | AG10: =S10*Rates!$D$14 -> 744.975 | AH10: =T10*Rates!$D$15 -> 9.48 | AI10: =U10*Rates!$D$16 -> 2506.9 | AJ10: =V10*Rates!$D$17 -> 36 | AK10: =W10*Rates!$D$18 -> 227.04 | AL10: =X10*Rates!$D$19 -> 0 | AM10: =SUM(Y10:AL10) -> 132964.07
A11: 10 | B11: North Batinah Bypass | C11: HAW-CH7-SS | D11: HAWCH7-C1 | E11: 4 | F11: 4 | G11: 2.5 | H11: 17.25 | I11: 45 | J11: 607.5 | K11: =0.12*J11 -> 72.9 | L11: 85.4 | M11: 405 | N11: 853.9 | O11: 85.4 | P11: 42.7 | Q11: 42.7 | R11: 853.9 | S11: 1707.8 | T11: 1.9 | U11: 38 | V11: 10 | W11: 910.8 | X11: 0 | Y11: =J11*Rates!$D$6 -> 64941.75 | Z11: =K11*Rates!$D$7 -> 30406.59 | AA11: =L11*Rates!$D$8 -> 3843 | AB11: =M11*Rates!$D$9 -> 810 | AC11: =O11*Rates!$D$10 -> 555.1 | AD11: =P11*Rates!$D$11 -> 1921.5 | AE11: =Q11*Rates!$D$12 -> 2006.9 | AF11: =R11*Rates!$D$13 -> 384.255 | AG11: =S11*Rates!$D$14 -> 597.73 | AH11: =T11*Rates!$D$15 -> 7.6 | AI11: =U11*Rates!$D$16 -> 2014 | AJ11: =V11*Rates!$D$17 -> 30 | AK11: =W11*Rates!$D$18 -> 182.16 | AL11: =X11*Rates!$D$19 -> 0 | AM11: =SUM(Y11:AL11) -> 107700.59
A12: 11 | B12: Batinah Coastal Road | C12: SHA-CH1-FP | D12: SHACH1-C12 | E12: 55 | F12: 4 | G12: 3 | H12: 234 | I12: 32 | J12: 5833.6 | K12: =0.12*J12 -> 700.032 | L12: 823.7 | M12: 320 | N12: 8236.8 | O12: 823.7 | P12: 411.8 | Q12: 411.8 | R12: 8236.8 | S12: 16473.6 | T12: 25.74 | U12: 514.8 | V12: 129 | W12: 9009 | X12: 0 | Y12: =J12*Rates!$D$6 -> 623611.84 | Z12: =K12*Rates!$D$7 -> 291983.35 | AA12: =L12*Rates!$D$8 -> 37066.5 | AB12: =M12*Rates!$D$9 -> 640 | AC12: =O12*Rates!$D$10 -> 5354.05 | AD12: =P12*Rates!$D$11 -> 18531 | AE12: =Q12*Rates!$D$12 -> 19354.6 | AF12: =R12*Rates!$D$13 -> 3706.56 | AG12: =S12*Rates!$D$14 -> 5765.76 | AH12: =T12*Rates!$D$15 -> 102.96 | AI12: =U12*Rates!$D$16 -> 27284.4 | AJ12: =V12*Rates!$D$17 -> 387 | AK12: =W12*Rates!$D$18 -> 1801.8 | AL12: =X12*Rates!$D$19 -> 0 | AM12: =SUM(Y12:AL12) -> 1035589.8
A13: 12 | B13: Batinah Highway | C13: SHA-CH1-FP | D13: SHACH1-C11 | E13: 55 | F13: 4 | G13: 2.5 | H13: 234 | I13: 45 | J13: 7894.1 | K13: =0.12*J13 -> 947.292 | L13: 1158.3 | M13: 405 | N13: 11583 | O13: 1158.3 | P13: 579.2 | Q13: 579.2 | R13: 11583 | S13: 23166 | T13: 25.74 | U13: 514.8 | V13: 129 | W13: 12355.2 | X13: 34749 | Y13: =J13*Rates!$D$6 -> 843879.29 | Z13: =K13*Rates!$D$7 -> 395115.49 | AA13: =L13*Rates!$D$8 -> 52123.5 | AB13: =M13*Rates!$D$9 -> 810 | AC13: =O13*Rates!$D$10 -> 7528.95 | AD13: =P13*Rates!$D$11 -> 26064 | AE13: =Q13*Rates!$D$12 -> 27222.4 | AF13: =R13*Rates!$D$13 -> 5212.35 | AG13: =S13*Rates!$D$14 -> 8108.1 | AH13: =T13*Rates!$D$15 -> 102.96 | AI13: =U13*Rates!$D$16 -> 27284.4 | AJ13: =V13*Rates!$D$17 -> 387 | AK13: =W13*Rates!$D$18 -> 2471.04 | AL13: =X13*Rates!$D$19 -> 138996 | AM13: =SUM(Y13:AL13) -> 1535305.5
... A62: 61 | B62: Batinah Coastal Road | C62: SAK-CH5-SS | D62: SAKCH5-C2 | E62: 14 | F62: 4 | G62: 2.5 | H62: 59.75 | I62: 32 | J62: 1448 | K62: =0.12*J62 -> 173.76 | L62: 210.3 | M62: 288 | N62: 2103.2 | O62: 210.3 | P62: 105.2 | Q62: 105.2 | R62: 2103.2 | S62: 4206.4 | T62: 6.57 | U62: 131.5 | V62: 33 | W62: 2300.4 | X62: 0 | Y62: =J62*Rates!$D$6 -> 154791.2 | Z62: =K62*Rates!$D$7 -> 72475.296 | AA62: =L62*Rates!$D$8 -> 9463.5 | AB62: =M62*Rates!$D$9 -> 576 | AC62: =O62*Rates!$D$10 -> 1366.95 | AD62: =P62*Rates!$D$11 -> 4734 | AE62: =Q62*Rates!$D$12 -> 4944.4 | AF62: =R62*Rates!$D$13 -> 946.44 | AG62: =S62*Rates!$D$14 -> 1472.24 | AH62: =T62*Rates!$D$15 -> 26.28 | AI62: =U62*Rates!$D$16 -> 6969.5 | AJ62: =V62*Rates!$D$17 -> 99 | AK62: =W62*Rates!$D$18 -> 460.08 | AL62: =X62*Rates!$D$19 -> 0 | AM62: =SUM(Y62:AL62) -> 258324.89
A63: Total | E63: =SUM(E2:E62) -> 1304 | F63: =SUM(F2:F62) -> 244 | G63: =SUM(G2:G62) -> 153.5 | H63: =SUM(H2:H62) -> 5557.25 | I63: =SUM(I2:I62) -> 2563 | J63: =SUM(J2:J62) -> 166961.3 | K63: =SUM(K2:K62) -> 20035.356 | L63: =SUM(L2:L62) -> 24307 | ... AM63: =SUM(AM2:AM62) -> 30731618
